data;linha;origem;destino;total transportados;Geo LocalizaÁ„o Origem;Geo LocalizaÁ„o Destino
28/jul/20;510517;EXP TIRADENTES ; ALBERTO LION;1955;;-23.563332, -46.612174
28/jul/20;510513;EXP TIRADENTES ; ANA NERI;1417;;-23.560082, -46.615965
28/jul/20;170110;JOVA RURAL ; ANEHEMBI;3104;;-23.447565, -46.576226
28/jul/20;637G10;GRAJA? ; BUTANT√;4355;;-23.567437, -46.719022
28/jul/20;510512;EXP TIRADENTES ; C A YPIRANGA;1404;;-23.576451, -46.687420
28/jul/20;516441;VILA GUARANI ; CIRCULAR;1;-23.638889, -46.636922;-23.634878, -46.667013
28/jul/20;536241;PQ RES COCAIA ; DETRAN;752;;-23.744512, -46.670218
28/jul/20;400310;PRESTES MAIA; E. T. ITAQUERA;2092;;-23.534419, -46.453016
28/jul/20;510516;EXP TIRADENTES ; GENERAL LECOR;789;;-23.591435, -46.601231
28/jul/20;637G51;JD ELIANA ; GRAJA?;371;;-23.563568, -46.691606
28/jul/20;106A10;METRO SANTANA ; ITAIM BIBI;9030;;-23.583730, -46.678067
28/jul/20;905010;TERM LAPA ; ITAIM BIBI;1798;;-23.583730, -46.678067
28/jul/20;501810;SHOP. INTERLAGOS ; JABAQUARA;3623;;-23.636499, -46.645200
28/jul/20;645510;TERM CAPELINHA ; L S FRANCISCO;4174;;-23.549805, -46.636495
28/jul/20;563210;VILA S?O JOSê ; L S FRANCISCO;3173;;-23.549805, -46.636495
28/jul/20;563221;JD IPORANGA ; L S?O FRANCISCO;103;;-23.549805, -46.636495
28/jul/20;539121;TERM GUARAP ; LGO S FRANCISCO;342;;-23.549805, -46.636495
28/jul/20;563251;JD ALPINO ; LGO S?O FRANCISCO;133;;-23.549785, -46.636505
28/jul/20;675M10;CENTRO SESC ; M JABAQUARA;2;;-23.639550, -46.643572
28/jul/20;675R10;GRAJA? ; M JABAQUARA;2280;;-23.646765, -46.639595
28/jul/20;677V10;JD NV HORIZONTE ; M JABAQUARA;1083;;-23.646765, -46.639595
28/jul/20;695D10;JD STA B?RBARA ; M JABAQUARA;2470;;-23.646765, -46.639595
28/jul/20;675G10;PQ RES COCAIA ; M JABAQUARA;6197;;-23.646765, -46.639595
28/jul/20;675X10;GRAJA? ; M VL MARIANA;4622;;-23.589494, -46.634482
28/jul/20;510515;EXP TIRADENTES ; MERCADO;8795;;-23.547267, -46.628959
28/jul/20;675I10;TERM JOAO DIAS ; METRO S JUDAS;4887;;-23.625588, -46.640842
28/jul/20;107T10;CID UNIVERSIT; METRO TUCURUVI;6026;;-23.480501, -46.603736
28/jul/20;675G41;JD CASTRO ALVES; MTO JABAQUARA;522;;-23.646019, -46.640343
28/jul/20;536221;GRAJA? ; PÄA DA Sê;301;;-23.550241, -46.634212
28/jul/20;536210;PQ RES COCAIA ; PÄA DA Sê;8301;;-23.550241, -46.634212
28/jul/20;905110;LAPA ; PINHEIROS;782;;-23.563576, -46.691588
28/jul/20;637V10;PQ AMêRICA ; PINHEIROS;1117;;-23.563576, -46.691588
28/jul/20;648P10;TERM CAPELINHA ; PINHEIROS;4862;;-23.563576, -46.691588
28/jul/20;637J10;VILA S?O JOSê ; PINHEIROS;2542;;-23.563576, -46.691588
28/jul/20;536222;JARDIM ELIANA ; PRACA DA SE;245;;-23.550241, -46.634212
28/jul/20;510511;EXP TIRADENTES ; RUA DO GRITO;1470;;-23.531137, -46.788164
28/jul/20;909T10;TER PINHEIRO; TER P Q D PEDRO;950;;-23.546957, -46.630114
28/jul/20;645110;TERM CAPELINHA ; TERM BANDEIRA;13149;;-23.549481, -46.639653
28/jul/20;683510;VALO VELHO; TERM CAPELINHA;2310;;-23.654266, -46.762191
28/jul/20;316010;TERM.V.PRUDENTE; TERM D PEDRO;3558;;-23.546928, -46.630092
28/jul/20;262610;JD NAZARE; TERM P D PEDRO;8157;;-23.546928, -46.630092
28/jul/20;6L0310;CIPO MEIO ; TERM PARELHEIROS;260;;-23.828162, -46.726979
28/jul/20;602710;JD GRA?NA ; TERM SANTO AMARO;3483;;
28/jul/20;602610;JD ICARA? ; TERM SANTO AMARO;1668;;
28/jul/20;737A10;TERM JD ANGELA ; TERM ST AMARO;10773;;
28/jul/20;609151;COLONIA ; TERM STO AMARO;263;;
28/jul/20;603110;JD S BERNARDO ; TERM STO AMARO;4431;;
28/jul/20;603410;PQ RES COCAIA ; TERM STO AMARO;733;;
28/jul/20;609910;PAPAI NOEL ; TERM.PARELHEIROS;2467;;
28/jul/20;857R10;TERM CAMPO LIMPO;ACLIMACAO;5761;;
28/jul/20;508L10;TERM.PRIN.ISABEL;ACLIMACAO;2228;;
28/jul/20;805L10;TERM.PRINC.ISABEL;ACLIMACAO;2268;;
28/jul/20;600210;CIDADE DUTRA;AME;303;;
28/jul/20;175P10;EDU CHAVES;ANA ROSA;7569;;
28/jul/20;870510;SHOP CONTINENTAL;ANHANGABAU;5306;;
28/jul/20;N33911;METRO ITAQUERA;ARTUR ALVIM;13;;
28/jul/20;607223;TERM VARGINHA;BALNEARIO S JOSE;127;;
28/jul/20;640310;TERM.JOAO DIAS;BANDEIRA;4475;;
28/jul/20;778J41;COHAB RAP.TAVARES;BARRA FUNDA;15;;-23.529196, -46.660995
28/jul/20;978410;JD DOS FRANCOS;BARRA FUNDA;7238;;
28/jul/20;978910;JD DOS GUEDES;BARRA FUNDA;4346;;
28/jul/20;805551;PERUS;BARRA FUNDA;2730;;
28/jul/20;978510;TEREZINHA;BARRA FUNDA;3626;;
28/jul/20;850010;TERM PIRITUBA;BARRA FUNDA;4747;;
28/jul/20;400410;T CID TIRADENTES;BARRO BRANCO;2206;;
28/jul/20;400510;T CID TIRADENTES;BARRO BRANCO;2960;;
28/jul/20;N43611;TE CID TIRADENTES;BARRO BRANCO;38;;
28/jul/20;702C10;JD BONFIGLIOLI;BELEM;5078;;
28/jul/20;919121;BARRA FUNDA;BOM RETIRO;169;;
28/jul/20;919110;JD ELIS MARIA;BOM RETIRO;6127;;
28/jul/20;179X10;JD FONTALIS;BOM RETIRO;6497;;
28/jul/20;311C10;PQUE S LUCAS;BOM RETIRO;3803;;
28/jul/20;736G10;JD INGA;BORBA GATO;1985;;
28/jul/20;536223;PQ RES COCAIA;BORBA GATO;5554;;
28/jul/20;563010;JD ELIANA ;BR¡S;13471;;-23.547909, -46.615897
28/jul/20;746K10;PARAISOPOLIS;BROOKLIN;2579;;
28/jul/20;271010;METRO PATRIARCA;BURGO PAULISTA;29;;
28/jul/20;802310;CDHU RAPOSO TAVARES;BUTANTA;4;;
28/jul/20;807310;JD GUARAU;BUTANTA;1821;;
28/jul/20;802610;JD INGA;BUTANTA;1380;;
28/jul/20;802510;JD ROSA MARIA;BUTANTA;1885;;
28/jul/20;801910;PQ CONTINENTAL;BUTANTA;1404;;
28/jul/20;807210;PQ IPE;BUTANTA;2374;;
28/jul/20;908T10;TERM PQ D PEDRO II;BUTANTA;2285;;
28/jul/20;802710;VILA DALVA;BUTANTA;995;;
28/jul/20;801810;VILA SONIA;BUTANTA;852;;
28/jul/20;701U10;JACANA;BUTANTA USP;1596;;
28/jul/20;N24011;METRO SANTANA;CACHOEIRA;37;;
28/jul/20;819410;PERUS;CACHOEIRINHA;5654;;
28/jul/20;745M21;COHAB ADVENTISTA;CAMPO LIMPO;587;;
28/jul/20;271710;METRO GUILHERMINA;CANGAIBA;2;;
28/jul/20;172010;JD GUANCA;CANTAREIRA;7449;;
28/jul/20;604521;VALO VELHO;CAPAO REDONDO;845;;
28/jul/20;408A10;MACHADO DE ASSIS;CARD ALMEIDA;812;;
28/jul/20;N83711;TERM JOAO DIAS;CDHU BUTANTA;13;;
28/jul/20;178T10;METRO SANTANA;CEASA;6612;;
28/jul/20;278A10;PENHA;CEASA;1618;;
28/jul/20;477A10;SACOMA;CEASA;6386;;
28/jul/20;N83311;TERM PINHEIROS;CEASA;14;;
28/jul/20;N23811;METRO SANTANA;CEM PQ DOS PINHE;40;;
28/jul/20;101610;CEMITERIO DO HORTO;CENTER NORT;5193;;
28/jul/20;971D10;JD DAMASCENO;CENTER NORTE;4925;;
28/jul/20;971V10;JD VISTA ALEGRE;CENTER NORTE;4010;;
28/jul/20;177510;VILA ALBERTINA;CENTER NORTE;926;;
28/jul/20;605A10;M JABAQUARA;CENTRO PARALIMPICO;24;;
28/jul/20;233C10;TERM.A.E.CARVALHO;CERET;2751;-23.517726, -46.475807;-23.556639, -46.559798
28/jul/20;233A10;JD HELENA;CERET;2107;;
28/jul/20;271310;METRO PENHA;CHAC BELA VISTA;172;-23.533459, -46.542549;-23.508892, -46.345062
28/jul/20;611010;CONJ HAB PALMARES;CHAC MONTE A;1801;;
28/jul/20;625810;JD SAO FRANCISCO;CHAC STO ANTO;4094;;
28/jul/20;512910;JD. MIRIAM;CHAC. STA. MARIA;7178;;
28/jul/20;N13311;TERM PIRITUBA;CID D ABRIL 3¶ G;16;;
28/jul/20;803210;METRO BUTANTA;CID UNIVERSITARI;46;;
28/jul/20;9911PR;TERM GRAJAU;CIDADE DUTRA;3829;;
28/jul/20;9910PR;TERM VARGINHA;CIDADE DUTRA;8488;;
28/jul/20;N33311;TERM SAO MIGUEL;CIDADE KEMEL;43;-23.492982, -46.437534;
28/jul/20;400821;COHAB JOSE BONIFACIO C;CIRCULA;140;;
28/jul/20;400621;JARDIM NOVA VITORIA;CIRCULAR;312;;
28/jul/20;400610;JD NOVA VITORIA;CIRCULAR;2684;;
28/jul/20;303210;TERM VILA CARRAO;CIRCULAR;1161;;
28/jul/20;901121;ESTACAO JARAGUA;CITY JARAGUA;925;;
28/jul/20;263J10;PENHA;CJ JOSE BONIFACIO;5984;;
28/jul/20;N43911;M ITAQUERA;COHAB FAZ DO CARMO;83;;
28/jul/20;263C10;JD HELENA;COHAB II;3118;;
28/jul/20;N84211;T PINHEIROS;COHAB RAPOSO TAVAR;37;;
28/jul/20;958P10;JD NARDINI;COHAB TAIPAS;2243;;
28/jul/20;888P10;PERUS;COHAB TAIPAS;4622;;
28/jul/20;102610;VILA IARA;CONEX PETRON PORTELA;644;;
28/jul/20;102410;JD CAROMBE;CONEX PETRONIO PORT;6518;;
28/jul/20;103610;COHAB BRASILANDIA;CONEXAO VILA;5080;;
28/jul/20;102010;PERUS;CONEXAO VILA IORIO;3465;;
28/jul/20;103410;MORRO GRANDE;CONEXAO VILA LORI;2054;;
28/jul/20;272410;METRO A ALVIN;CONJ ARAUCARIA;89;;
28/jul/20;320610;METRO PENHA;CONJ CHAPARRAL;641;;
28/jul/20;120610;PQ VILA MARIA;CORREIO;4232;;
28/jul/20;N30511;TERM SAO MIGUEL;CPTM GUAIANAZE;36;-23.491693, -46.434792;
28/jul/20;405110;JD SAO PAULO;CPTM GUAIANAZES;3960;;
28/jul/20;N33411;T A E CARVALHO;CPTM GUAIANAZES;33;;
28/jul/20;300810;JD MIRIAM;CPTM ITAIM PAULISTA;4448;;
28/jul/20;405310;GUAIANAZES;CPTM JOSE BONIFACIO;1852;;
28/jul/20;N83811;M VILA MADALENA;CPTM LEOP0LDIN;2;;
28/jul/20;300410;JD S MARTINHO;CPTM V MARA;1287;;
28/jul/20;300310;JD S MARTINHO;CPTM VILA MARA;1333;;
28/jul/20;273G21;JD SAO MARTINHO;CPTM VILA MARA;321;;
28/jul/20;819910;PIRITUBA;CVN CACHOEIRINHA;4827;;
28/jul/20;563021;JD ELIANA;DETRAN;153;;
28/jul/20;202410;CACHOEIRA;DIB - CIRCULAR;75;;
28/jul/20;202510;CACHOEIRA;DIB - CIRCULAR;5906;;
28/jul/20;574C10;TERM.SAO MATEUS;DIV.S.CAETANO;864;;
28/jul/20;513C10;VILA CALIFORNIA;E. T. ITAQUERA;666;;
28/jul/20;513C31;VL CALIFORNIA;E. T. ITAQUERA;1580;;
28/jul/20;402410;COHAB FAZE DO CAR;E.T.ITAQUERA;3570;;
28/jul/20;N23711;METRO TUCURUVI;EDU CHAVES;16;;
28/jul/20;790310;JD JOAO XXIII;EDUCANDARIO;16;;
28/jul/20;N64011;TERM SANTO AMARO;ELDORADO;62;;
28/jul/20;N33511;TERM PENHA;ERMELINO MATARAZZO;19;;
28/jul/20;300610;JD FANGANIELO;ES CPTM GUAIANAZ;3799;;
28/jul/20;271P10;CANGAIBA;EST DA LUZ;2710;;
28/jul/20;515410;STO AMARO;EST DA LUZ;3310;;
28/jul/20;117731;TERM A E CARVALHO;EST DA LUZ;392;;
28/jul/20;801521;CEMITE DE PERUS;EST DE PERUS;164;;
28/jul/20;306410;CIDADE TIRADENTES;EST GUAIANAZ;13724;;
28/jul/20;202110;JD BANDEIRANTES;EST GUAIANAZES;2604;;
28/jul/20;302510;JD WILMA FLOR;EST GUAIANAZES C;2695;;
28/jul/20;302610;VILA IOLANDA II;EST GUAIANZ CP;9936;;
28/jul/20;201310;JD ROBRU;EST ITAIM PAULISTA;5511;;
28/jul/20;607410;JD GAIVOTAS;EST JURUBATUBA;1460;;
28/jul/20;724510;MORUMBI SHOPPING;EST LUZ;2056;;
28/jul/20;117710;TERM.A.E.CARVALHO;EST.LUZ;2440;;
28/jul/20;607A21;JD APURA;ESTAÄAO JURUBATUBA;1098;;
28/jul/20;802810;PARAISAPOLIS;ESTAÄAO MORUMBI;1983;;
28/jul/20;211V10;VILA PARANAGUA;ESTACAO DA LUZ;1183;-23.498280, -46.472631;-23.535089, -46.635363
28/jul/20;745810;JD BOA VISTA;ESTACAO DA LUZ;13;;
28/jul/20;200810;JD N SRA CAMINHO;ESTACAO ITAIM;5075;;
28/jul/20;205810;SAO MIGUEL;GUAIANAZES;1817;-23.492982, -46.437534;-23.576609, -46.409779
28/jul/20;220110;DIVISA DE FERRAZ;GUAIANAZES;1423;;
28/jul/20;200410;JD MIRIAM;GUAIANAZES;6223;;
28/jul/20;200910;JD ROBRU;GUAIANAZES;5008;;
28/jul/20;390210;JD. DAS OLIVEIRAS;GUAIANAZES;4657;;
28/jul/20;205910;SAO MIGUEL;GUAIANAZES;10726;-23.492982, -46.437534;
28/jul/20;220210;HOSP ITAIM;GUAIAZAZES;18813;;
28/jul/20;817C10;LAPA;H.CLINICAS CIRCULAR;3159;;
28/jul/20;706241;METRO CAMPO LIMPO;HORTO DO YPE;180;;
28/jul/20;775F10;JD DAS PALMAS;HOSP CLINICAS;5189;;
28/jul/20;700210;JD ROSA MARIA;HOSP CLINICAS;4971;;
28/jul/20;178L10;LAUZANE PAULISTA;HOSP CLINICAS;4630;;
28/jul/20;516421;CIDADE LEONOR;HOSP SAO PAULO;1;;
28/jul/20;512310;JD MIRIAM;HOSP SAO PAULO;8575;;
28/jul/20;N43811;M ITAQUERA;HOSP STA MARCELINA;54;;
28/jul/20;675K23;VILA REMO;HOSPITAL DO SERVIDOR;760;;
28/jul/20;476G10;JARDIM ELBA;IBIRAPUERA;627;;
28/jul/20;604221;JD SONIA;INGA;275;;
28/jul/20;511923;TE JOAO DIAS;INST LUCY MONTORO;302;;
28/jul/20;957T10;COHAB TAIPAS;ITAIM BIBI;3462;;
28/jul/20;637R10;JD ARACATI;ITAIM BIBI;7848;;
28/jul/20;516N10;JD MIRIAM;ITAIM BIBI;9648;;
28/jul/20;709G10;TERM GUARAPIRANGA;ITAIM BIBI;1721;;
28/jul/20;847P10;TERM PIRITUBA;ITAIM BIBI;7949;;
28/jul/20;637A22;TERM.JD.ANGELA;ITAIM BIBI;630;;
28/jul/20;847P42;VILA BRASILANDIA;ITAIM BIBI;1346;;
28/jul/20;200610;CIDADE KEMEL I ;ITAIM PAULISTA;8216;;
28/jul/20;345923;METRO BRESSER;ITAIM PAULISTA;634;;
28/jul/20;501210;JD GUACURI;JABAQUARA;8474;;
28/jul/20;501510;JD SAO JORGE;JABAQUARA;4943;;
28/jul/20;501831;SHOPPING INTERLAGOS;JABAQUARA;2428;;
28/jul/20;502210;VILA STA MARGARIDA;JABAQUARA;4406;;
28/jul/20;121G10;PQ NOVO MUNDO;JACANA;3488;;
28/jul/20;847J10;CITY JARAGUA;JAGUARE;3279;;
28/jul/20;701610;METRO JABAQUARA;JARDIM ANGELA;5744;;
28/jul/20;N23611;METRO SANTANA;JARDIM ANTARTICA;61;;
28/jul/20;N84311;TERM CAPELINHA;JARDIM ARARIBA;41;;
28/jul/20;N24311;METRO SANTANA;JARDIM BRASIL;19;;
28/jul/20;N53511;TERM SACOMA;JARDIM CELESTE;34;;
28/jul/20;N53811;TERM SACOMA;JARDIM CELESTE;35;;
28/jul/20;N34211;TERM PENHA;JARDIM DANFER;12;;
28/jul/20;301510;JD ROMANO;JARDIM DAS OLIVEIRAS;268;;
28/jul/20;N63511;TERM GRAJAU;JARDIM GAIVOTAS;263;;
28/jul/20;N73511;TERM CAPELINHA;JARDIM GUARUJA;77;;
28/jul/20;N74611;TERM CAMPO LIMPO;JARDIM IRENE;74;;
28/jul/20;N63411;TERM SANTO AMARO;JARDIM LUSO;50;;
28/jul/20;N63711;METRO JABAQUARA;JARDIM MIRIAM;37;;
28/jul/20;N63611;TERM GRAJAU;JARDIM NORONHA;80;;
28/jul/20;602110;TERMINAL VARGINHA;JARDIM NOVA;1546;;
28/jul/20;N24511;METRO SANTANA;JARDIM PERY ALTO;37;;
28/jul/20;N74311;TERM JOAO DIAS;JARDIM PLANALTO;44;;
28/jul/20;N53311;TERM SACOMA;JARDIM PLANALTO;30;;
28/jul/20;701110;JD DOS REIS;JD ANGELA;3178;;
28/jul/20;701131;JD DOS REIS;JD ANGELA;2637;;
28/jul/20;700610;JD HORIZONTE AZUL;JD ANGELA;2490;;
28/jul/20;700510;JD VERA CRUZ;JD ANGELA;1401;;
28/jul/20;601231;PQ INDEPENDENCIA;JD ANGELA;173;;
28/jul/20;272031;METRO GUILHERMINA;JD BELEM;10;;
28/jul/20;N33711;T SAO MIGUEL;JD CAMARGO VELHO;24;-23.491693, -46.434792;
28/jul/20;N24211;METRO SANTANA;JD CAMPO LIMPO;51;;
28/jul/20;N33611;T SAO MIGUEL;JD CARMARGO VELHO;19;-23.491693, -46.434792;
28/jul/20;N14111;TERM CACHOEIRINHA;JD CAROMBE;43;;
28/jul/20;N43111;TER SAO MATEUS;JD DA CONQUISTA;58;;
28/jul/20;N13511;TERM PIRITUBA;JD DONARIA;39;;
28/jul/20;608310;TERM GRAJAU;JD ELIANA;1052;;
28/jul/20;N24411;METRO TUCURUVI;JD FLOR DE MAIO;47;;
28/jul/20;600610;SHOPPING INTERLAGOS;JD HERCULA;159;;
28/jul/20;600610;SHOPPING INTERLAGOS;JD HERCULA;6102;;
28/jul/20;N73611;T JD ANGELA;JD HORIZONTE AZUL;115;;
28/jul/20;N43411;TERM V CARRAO;JD IV CENTENARIO;11;;
28/jul/20;N83511;TERM PINHEIROS;JD JO?O XXIII;52;;
28/jul/20;402010;E T ITAQUERA;JD NOVO HORIZONTE;765;;
28/jul/20;N13911;TERM PIRITUBA;JD PAULISTANO;18;;
28/jul/20;819A10;VILA AURORA;JD PRIMAVERA;11154;;
28/jul/20;N13811;TERM CACHOEIRINHA;JD PRINCESA;35;;
28/jul/20;N74011;TERM JD ANGELA;JD RIVIERA;23;;
28/jul/20;401510;T SAO MATEUS;JD RODOLFO PIRANI;1345;;
28/jul/20;401610;T SAO MATEUS;JD RODOLFO PIRANI;1035;;
28/jul/20;373521;METRO ARTUR ALVIM;JD S JOAO;180;;
28/jul/20;N34011;METRO ITQUERA;JD SANTO ANTONIO;29;;
28/jul/20;373510;METRO A ALVIN;JD SAO JOAO CIRC;775;;
28/jul/20;510631;METRO ANA ROSA;JD SELMA;1967;;
28/jul/20;510621;SHOPPING IBIRAPUERA;JD SELMA;6779;;
28/jul/20;600710;PQ STO ANTONIO;JD STO AMARO;6737;;
28/jul/20;N43211;TERM SAO MATEUS;JD STO ANDRE;101;;
28/jul/20;305410;JD PALANQUE;JD TIETE;2931;;
28/jul/20;N73911;TERM CAPELINHA;JD UNIVERSAL;36;;
28/jul/20;N74411;TERM JOAO DIAS;JD VAZ DE LIMA;29;;
28/jul/20;510610;LGO.SAO FRANCISCO;JD. SELMA;4383;;
28/jul/20;601910;T.GUARAPIRANGA;JD.GODOFREDO;1476;;
28/jul/20;502610;CJ.TEOT.VILELA;JD.SAO ROBERTO;1016;;
28/jul/20;N54011;TERM SAPOP TEOT VILE;JS SAO RO;22;;
28/jul/20;519410;J S JORGE AT J APURA;L S FCISC;2182;;
28/jul/20;148L10;CACHOEIRINHA;LAPA;8457;;
28/jul/20;809L10;CAMPO LIMPO;LAPA;3826;;
28/jul/20;918810;CAPELA DA LAGOA;LAPA;3425;;
28/jul/20;139A10;CONEXAO VILA LORIO;LAPA;1106;;
28/jul/20;178A10;IMIRIM;LAPA;2417;;
28/jul/20;874T10;IPIRANGA;LAPA;3394;;
28/jul/20;803810;JAGUARE;LAPA;7174;;
28/jul/20;804710;JARAGUA;LAPA;5753;;
28/jul/20;102510;JARDIM CAROMBê;LAPA;1677;;
28/jul/20;809H10;JD BOA VISTA;LAPA;2;;
28/jul/20;903210;JD DAMASCENO;LAPA;2302;;
28/jul/20;904710;JD PAULISTANO;LAPA;3665;;
28/jul/20;148P10;JD PERY;LAPA;6132;;
28/jul/20;128Y10;JD PERY ALTO;LAPA;4381;;
28/jul/20;118Y10;LAUZANE PAULISTA;LAPA;6252;;
28/jul/20;211L10;MANDAQUI;LAPA;2459;;
28/jul/20;801310;MORRO DOCE;LAPA;8844;;
28/jul/20;805510;PERUS;LAPA;5493;;
28/jul/20;805010;PQ MORRO DOCE;LAPA;3719;;
28/jul/20;805031;PQ MORRO DOCE;LAPA;1727;;
28/jul/20;806210;PQ S DOMINGOS;LAPA;332;;
28/jul/20;809T10;RAPOSO TAVARES;LAPA;3;;
28/jul/20;804751;RECANTO DOS HUMILDES;LAPA;30;;
28/jul/20;804010;SOL NASCENTE;LAPA;6106;;
28/jul/20;938L10;TTVN CACHOEIRINHA;LAPA;4557;;
28/jul/20;806510;VILA CLARICE;LAPA;415;;
28/jul/20;189L10;VILA LORIO;LAPA;7866;;
28/jul/20;804310;VILA NOVA ESPERANÄA;LAPA;821;;
28/jul/20;806010;VILA PIAUI;LAPA;2397;;
28/jul/20;918110;VILA TEREZINHA;LAPA;6138;;
28/jul/20;N23411;METRO TUCURUVI;LARGO DO PERI;7;;
28/jul/20;511910;TERM CAPELINHA;LG.S.FRANCISCO;12345;;
28/jul/20;574A10;AMERICANOPOLIS;LGO CAMBUCI;232;;
28/jul/20;210510;JD FILHOS DA TERRA;LGO DA CONC;3723;;
28/jul/20;715M10;JD MA LUIZA;LGO DA POLVORA;15;;
28/jul/20;965310;PEDRA BRANCA;LGO DO PAISSANDU;5248;;
28/jul/20;860022;TERM PIRITUBA;LGO DO PAISSANDU;254;;
28/jul/20;860010;TERM PIRITUBA;LGO PAISSANDU;5413;;
28/jul/20;714C10;COHAB EDUCANDARIO;LGO POLVORA;7;;
28/jul/20;565210;JD IV CENTENARIO;LGO S FRANCIS;3883;;
28/jul/20;517810;JD MIRIAM;LGO S FRANCISCO;4886;;
28/jul/20;537010;TERM VARGINHA;LGO S FRANCISCO;8940;;
28/jul/20;511922;TE JOAO DIAS;LGO SAO FRANCISCO;690;;
28/jul/20;531710;CENTRO SESC;LGO.SAO FRANCISCO;2521;;
28/jul/20;129F10;CONEX PETRON PORT;M BARRA FUND;7006;;
28/jul/20;297A10;BAIRRO DO LIMAO;M BARRA FUNDA;2463;;
28/jul/20;700651;JD HORIZON AZUL;M CAPAO REDON;5884;;
28/jul/20;700551;JD VERA CRUZ;M CAPAO REDONDO;2825;;
28/jul/20;407L10;BARRO BRANCO;M GUILHERMINA ESP;12193;;
28/jul/20;408510;COHAB FAZE DO CARMO;M ITAQUERA;4159;;
28/jul/20;374210;JD DAS LARANJEIRAS;M ITAQUERA;3236;;
28/jul/20;178Y21;CJ DOS BANCARIOS;M JD SAO PAUL;119;;
28/jul/20;202010;HORTO FLORESTAL;M PARADA INGLE;734;;
28/jul/20;857R41;E HEBRAICA REBOUÄAS;M PARAISO;147;;
28/jul/20;755010;TERM STO AMARO;M SANTA CECILIA;2970;;
28/jul/20;407P10;TERM CID TIRADENTES;M TATUAPE;10992;;
28/jul/20;809U21;M BARRA FUNDA;M VILA MADALENA;5114;;
28/jul/20;728210;PQ CONTINENTAL;M VILA MADALENA;783;;
28/jul/20;709A10;E. T. AGUA ESPRAIADA;M. ANA RO;1961;;
28/jul/20;875P10;M. BARRA FUNDA;M. ANA ROSA;1442;;
28/jul/20;675L10;T.STO AMARO;M.SANTA CRUZ;2078;;
28/jul/20;978A10;TTVN CACHOEIRINHA;MBARRA FUNDA;7441;;
28/jul/20;N10611;T PQ D PEDRO ;MET BARRA FUNDA;19;;
28/jul/20;276210;ERMELINO MATARAZZO;MET.TATUAPE;4441;;
28/jul/20;301310;TERM CIDADE TIRADEN;METALURGIC;584;;
28/jul/20;N43511;T CID TIRANDENTES;METALURGICOS;71;;
28/jul/20;401710;VILA YOLANDA;METALURGICOS;4289;;
28/jul/20;407A10;SHOP C L ARICANDUVA;METR BELEM;4204;;
28/jul/20;407W10;JD. IV CENTERNARIO;METR CARRAO;1768;;
28/jul/20;373710;SHOP ARICANDUVA;METR GUILHERM;7;;
28/jul/20;272210;JD VERONIA;METR GUILHERMINA;92;;
28/jul/20;375110;COHAB PRESTES MAIA;METR ITAQUE;3789;;
28/jul/20;407H10;JD SAO FRANCISCO;METR ITAQUERA;8646;;
28/jul/20;874C10;PQ CONTINENTAL;METR V MARIANA;1638;;
28/jul/20;271910;ERMELINO MATARAZZO;METR V MATI;175;;
28/jul/20;373410;CIDADE LIDER;METRO A ALVIM;171;;
28/jul/20;372110;JD MARILIA;METRO A ALVIM;982;;
28/jul/20;373610;JD N S P CARMO;METRO A ALVIM;2132;;
28/jul/20;270221;JD PEDRO J NUNES;METRO A ALVIM;99;;
28/jul/20;379110;SHOP ARICANDUVA;METRO A ALVIM;3;;
28/jul/20;273D10;PQ D JOAO NERY;METRO A ALVIN;2973;-23.521186, -46.402535;-23.540521, -46.484341
28/jul/20;273G10;JD HELENA;METRO A ALVIN;10114;-23.540499, -46.484367;-23.545749, -46.469081
28/jul/20;273L10;JD MORENO;METRO A ALVIN;2412;-23.539117, -46.431668;-23.545749, -46.469081
28/jul/20;273R10;JD ROBRU;METRO A ALVIN;4352;-23.522054, -46.411705;-23.545749, -46.469081
28/jul/20;272510;JD SAO CARLOS;METRO A ALVIN;115;;
28/jul/20;271210;JD SAO NICOLAU;METRO A ALVIN;62;;
28/jul/20;270210;VILA AMERICANA;METRO A ALVIN;2076;;
28/jul/20;273010;VILA JACUI;METRO A ALVIN;4557;;
28/jul/20;206010;T.A.E.CARVALHO;METRO A. ALVIM;1323;;
28/jul/20;975A10;VILA BRASILANDIA;METRO ANA ROS;3112;;
28/jul/20;695V10;TERM CAPELINHA;METRO ANA ROSA;3261;;-23.581472, -46.638652
28/jul/20;672610;JD GAIVOTA;METRO ANA ROSA;5280;;
28/jul/20;775P10;JD GUARAU;METRO ANA ROSA;4;;
28/jul/20;917M10;MORRO GRANDE;METRO ANA ROSA;3056;;
28/jul/20;917M31;MORRO GRANDE;METRO ANA ROSA;436;;
28/jul/20;675N10;STO AMARO;METRO ANA ROSA;2677;;
28/jul/20;677A10;TERM JD ANGELA;METRO ANA ROSA;7519;;
28/jul/20;476G41;VILA INDUSTRIAL;METRO ANA ROSA;321;;
28/jul/20;719P10;PINHEIROS;METRO ARMENIA;1003;;
28/jul/20;372141;JD MARILIA;METRO ARTHUR ALVIM;3918;;
28/jul/20;373541;JD S?O JOSE;METRO ARTUR ALVIM;16;;
28/jul/20;938P10;VILA PENTEADO;METRO B FUNDA;1766;;
28/jul/20;938V10;JD VISTA ALEGRE;METRO BARRA FU;6262;;
28/jul/20;748R10;JD JOAO XXIII;METRO BARRA FUND;10;;
28/jul/20;970110;ANHEMBI;METRO BARRA FUNDA;806;;
28/jul/20;778J10;JD ARPOADOR;METRO BARRA FUNDA;11;;
28/jul/20;978T10;JD GUARANI;METRO BARRA FUNDA;8359;;
28/jul/20;201410;JD PERI ALTO;METRO BARRA FUNDA;7236;;
28/jul/20;854510;PENTEADO;METRO BARRA FUNDA;1786;;
28/jul/20;719R10;RIO PEQUENO;METRO BARRA FUNDA;4418;;
28/jul/20;172R10;JD BRASIL;METRO BELEM;10922;;
28/jul/20;374610;JD IMPERADOR;METRO BELEM;3074;;
28/jul/20;374631;JD IMPERADOR;METRO BELEM;547;;
28/jul/20;305310;JD ITAPOLIS;METRO BELEM;2;;
28/jul/20;2,13E+12;PQ EDU CHAVES;METRO BELEM;411;;
28/jul/20;172N10;SHOP CENTER NORTE;METRO BELEM;4868;;
28/jul/20;407F10;TERM SAO MATEUS;METRO BELEM;3381;;
28/jul/20;N40711;TERM V CARRAO;METRO BELEM;13;;
28/jul/20;407R10;TERM VILA CARRAO;METRO BELEM;2833;;
28/jul/20;574R10;TERM.SAPOPEMBA;METRO BELEM;413;;
28/jul/20;172Y10;VILA CONSTANÄA;METRO BELEM;4539;;
28/jul/20;172P10;VILA ZILDA;METRO BELEM;11117;;
28/jul/20;272N10;PQ NOVO MUNDO;METRO BRAS;1193;;
28/jul/20;407I10;COHAB I;METRO BRESSER;2370;;
28/jul/20;802210;CID UNIV;METRO BUTANTA;392;;
28/jul/20;801210;CIDADE UNIVERSIT;METRO BUTANTA;516;;
28/jul/20;807710;JD JOAO XXIII;METRO BUTANTA;3;;
28/jul/20;807510;TERM CAMPO LIMPO;METRO BUTANTA;2603;;
28/jul/20;807810;JD DAS PALMAS;METRO CAMPO LIMP;2949;;
28/jul/20;173810;VILA CONSTANCIA;METRO CARANDIR;2066;;
28/jul/20;203210;PQ EDU CHAVES;METRO CARANDIRU;1438;;
28/jul/20;172110;VILA EDE;METRO CARANDIRU;4041;;
28/jul/20;376110;3A DIVISAO;METRO CARRAO;3318;;-23.538062, -46.563073
28/jul/20;407G10;JD NOVA VITORIA;METRO CARRAO;14998;;-23.538062, -46.563073
28/jul/20;4,07E+12;JD SANTO ANDRE;METRO CARRAO;7457;;-23.538062, -46.563073
28/jul/20;377810;JD STA TEREZINHA;METRO CARRAO;32;;-23.538062, -46.563073
28/jul/20;377310;RES SANTA BARBARA;METRO CARRAO;2798;;-23.538062, -46.563073
28/jul/20;372910;SHOP ARICANDUVA;METRO CARRAO;206;;-23.538062, -46.563073
28/jul/20;407K10;TERM SAO MATEUS;METRO CARRAO;2426;;-23.538062, -46.563073
28/jul/20;507T10;TERM SAPOPEMBA;METRO CARRAO;8655;;-23.538062, -46.563073
28/jul/20;570110;VILA SANTA CATARINA;METRO CONC;4562;;-23.635417, -46.641239
28/jul/20;575751;PEDREIRA;METRO CONCEIÄAO;5163;;-23.635417, -46.641239
28/jul/20;857C10;T CAMPO LIMPO;METRO CONCEIÄAO;4606;;-23.635417, -46.641239
28/jul/20;575710;JD. MIRIAM;METRO CONCEICAO;6399;;-23.635417, -46.641239
28/jul/20;575910;PQ PRIMAVERA;METRO CONCEICAO;1922;;-23.635417, -46.641239
28/jul/20;575931;PQ PRIMAVERA;METRO CONCEICAO;3833;;-23.635417, -46.641239
28/jul/20;575210;V. MISSIONARIA;METRO CONCEICAO;9320;;-23.635417, -46.641239
28/jul/20;575C10;VILA MATIAS;METRO CONCEICAO;406;;-23.635417, -46.641239
28/jul/20;272231;JD VERONIA;METRO GUILHERMINA;223;;-23.528049, -46.516045
28/jul/20;373210;COHAB JOSE BONIFACIO;METRO ITA;4423;;-23.542297, -46.470757
28/jul/20;378510;COHAB BARRO BRANCO;METRO ITAQU;3153;;-23.542297, -46.470757
28/jul/20;378910;CIDADE TIRADENTES;METRO ITAQUE;6125;;-23.542297, -46.470757
28/jul/20;373910;RECANTO VERDE SOL;METRO ITAQUE;4949;;-23.542297, -46.470757
28/jul/20;379610;GLEBA DO PESSEGO;METRO ITAQUER;1946;;-23.542297, -46.470757
28/jul/20;303110;J ALTO PAULISTAN;METRO ITAQUER;3442;;-23.542297, -46.470757
28/jul/20;N40311;T CID TIRADENTES;METRO ITAQUER;132;;-23.542297, -46.470757
28/jul/20;273R42;JD ROBRU;METRO ITAQUERA;621;-23.522054, -46.411705;-23.542259, -46.471106
28/jul/20;273F10;VILA MARA;METRO ITAQUERA;1285;-23.485287, -46.421230;-23.547416, -46.470559
28/jul/20;375610;BARRO BRANCO;METRO ITAQUERA;4678;;-23.542297, -46.470757
28/jul/20;270710;CHABILANDIA;METRO ITAQUERA;9974;;-23.542297, -46.470757
28/jul/20;378710;CID.TIRADENTES;METRO ITAQUERA;3465;;-23.542297, -46.470757
28/jul/20;376610;COHAB II;METRO ITAQUERA;2071;;-23.542297, -46.470757
28/jul/20;373810;COHAB JUSCELINO;METRO ITAQUERA;3984;;-23.542297, -46.470757
28/jul/20;374M10;CPTM ERM MAT;METRO ITAQUERA;4552;;-23.542297, -46.470757
28/jul/20;405210;CPTM GUAIANAZES;METRO ITAQUERA;3519;;-23.542297, -46.470757
28/jul/20;374110;EST DOM BOSCO;METRO ITAQUERA;5772;;-23.542297, -46.470757
28/jul/20;375410;INACIO MONTEIRO;METRO ITAQUERA;6379;;-23.542297, -46.470757
28/jul/20;276610;J CAMARGO VELHO;METRO ITAQUERA;7241;;-23.542297, -46.470757
28/jul/20;278010;JD CAMARGO NOVO;METRO ITAQUERA;3544;;-23.542297, -46.470757
28/jul/20;273410;JD CAMPOS;METRO ITAQUERA;5338;;-23.542297, -46.470757
28/jul/20;270310;JD ETELVINA;METRO ITAQUERA;6259;;-23.542297, -46.470757
28/jul/20;270510;JD FANGANIELO;METRO ITAQUERA;2263;;-23.542297, -46.470757
28/jul/20;270322;JD GIANETTI;METRO ITAQUERA;229;;-23.542297, -46.470757
28/jul/20;276641;JD INDAIA;METRO ITAQUERA;64;;-23.542297, -46.470757
28/jul/20;270810;JD LAJEADO;METRO ITAQUERA;5733;;-23.542297, -46.470757
28/jul/20;373L10;JD LIMOEIRO;METRO ITAQUERA;1138;;-23.542297, -46.470757
28/jul/20;272110;JD NAZARE;METRO ITAQUERA;176;;-23.542297, -46.470757
28/jul/20;407T10;JD REDIL;METRO ITAQUERA;2705;;-23.542297, -46.470757
28/jul/20;270410;JD ROBRU;METRO ITAQUERA;5270;;-23.542297, -46.470757
28/jul/20;379510;JD SAO CARLOS;METRO ITAQUERA;2564;;-23.542297, -46.470757
28/jul/20;371210;JD SAO JOAO;METRO ITAQUERA;1069;;-23.542297, -46.470757
28/jul/20;374310;SAO MATEUS;METRO ITAQUERA;3589;;-23.542297, -46.470757
28/jul/20;N34311;T A E CARVALHO;METRO ITAQUERA;42;;-23.542297, -46.470757
28/jul/20;N30611;TERM SAO MIGUEL;METRO ITAQUERA;48;-23.491693, -46.434792;-23.542297, -46.470757
28/jul/20;N40511;TERM V CARRAO;METRO ITAQUERA;56;;-23.542297, -46.470757
28/jul/20;272310;UNIAO DE V NOVA;METRO ITAQUERA;167;;-23.542297, -46.470757
28/jul/20;273110;VILA PROGRESSO;METRO ITAQUERA;4540;;-23.542297, -46.470757
28/jul/20;376810;VILA YOLANDA;METRO ITAQUERA;2975;;-23.542297, -46.470757
28/jul/20;371251;VL COSMOPOLITA;METRO ITAQUERA;1141;;-23.542297, -46.470757
28/jul/20;273310;PQ GUARANI;METRO ITAQUERA CIRC;3;;
28/jul/20;270731;CHABILANDIA;METRO ITQUERA;101;;
28/jul/20;570210;CIDADE JULIA;METRO JABAQUARA;5486;;
28/jul/20;707K10;GUARAPIRANGA;METRO JABAQUARA;6329;;
28/jul/20;175T10;METRO SANTANA;METRO JABAQUARA;13705;;
28/jul/20;472110;SHOP PLAZA SUL;METRO JABAQUARA;877;;
28/jul/20;N60311;TERM PINHEIROS;METRO JABAQUARA;128;;
28/jul/20;695X10;TERM VARGINHA;METRO JABAQUARA;10536;;
28/jul/20;178Y10;VILA AMELIA;METRO JD SAO PAULO;2209;;
28/jul/20;212710;JD BRASIL;METRO LIBERDADE;4817;;
28/jul/20;314J10;STA MADALENA;METRO LIBERDADE;3591;;
28/jul/20;314V10;VILA EMA;METRO LIBERDADE;718;;
28/jul/20;212310;VILA MEDEIROS;METRO LIBERDADE;3575;;
28/jul/20;807521;TERM CAMPO LIMPO;METRO MORUMBI;787;;
28/jul/20;472710;JD CLIMAX;METRO PÄ ARVORE;1895;;
28/jul/20;707A10;JD ANGELA;METRO PÄA DA ARVORE;9719;;
28/jul/20;579110;ELDORADO;METRO PARAISO;4;;
28/jul/20;857P10;TERM CAMPO LIMPO;METRO PARAISO;10586;;
28/jul/20;877T10;VILA ANASTACIO;METRO PARAISO;1131;;
28/jul/20;275610;GUAIANAZES;METRO PATRIARCA;2172;-23.576616, -46.409774;-23.531157, -46.501448
28/jul/20;270910;VILA UNIAO;METRO PATRIARCA;8;;
28/jul/20;695Y10;TERM PARELHEIROS;METRO PC ARVO;9862;;
28/jul/20;695H10;JD HERPLIN;METRO PC DA ARVORE;4395;;
28/jul/20;510514;EXP TIRADENTES ;METRO PEDRO II;3658;;
28/jul/20;275510;GUAIANAZES;METRO PENHA;5615;-23.576616, -46.409774;-23.533521, -46.542581
28/jul/20;273V10;PARADA XV NOVEMBRO;METRO PENHA;988;-23.531478, -46.436364;-23.533521, -46.542581
28/jul/20;271610;CHAC CRUZ DO SUL;METRO PENHA;46;;
28/jul/20;409310;CIDADE TIRADENTES;METRO PENHA;5286;;
28/jul/20;372210;COHAB J BONIFACIO;METRO PENHA;645;;
28/jul/20;277210;JD NAZARE;METRO PENHA;2746;;
28/jul/20;273J10;JD ROMANO;METRO PENHA;5903;;
28/jul/20;390110;JD. DANFER;METRO PENHA;773;;
28/jul/20;272610;LIMOEIRO;METRO PENHA;4104;;
28/jul/20;407N10;T CID TIRADENTES;METRO PENHA;13749;;
28/jul/20;173210;VILA SABRINA;METRO SANTA CECIL;3678;;
28/jul/20;857A10;T CAMPO LIMPO;METRO SANTA CRUZ;4283;;
28/jul/20;971X10;TERM CACHOEIRINHA;METRO SANTAN;10142;;
28/jul/20;178310;CACHOEIRA;METRO SANTANA;4499;;
28/jul/20;271A51;CANGAIBA;METRO SANTANA;3220;;
28/jul/20;971R42;CDHU VOITH;METRO SANTANA;1796;;
28/jul/20;971R51;CHICA LUISA;METRO SANTANA;221;;
28/jul/20;971C10;COHAB;METRO SANTANA;5994;;
28/jul/20;175710;CONJ BANCARIOS;METRO SANTANA;766;;
28/jul/20;201110;EDU CHAVES;METRO SANTANA;4590;;
28/jul/20;971R10;ESTACAO JARAGUA;METRO SANTANA;14450;;
28/jul/20;177810;JACANA;METRO SANTANA;1158;;
28/jul/20;178322;JARDIM LABITARY;METRO SANTANA;69;;
28/jul/20;174210;JD ANTARTICA;METRO SANTANA;4126;;
28/jul/20;175810;JD ANTARTICA;METRO SANTANA;4692;;
28/jul/20;178851;JD CAMPO LIMPO;METRO SANTANA;294;;
28/jul/20;176410;JD CORISCO;METRO SANTANA;4477;;
28/jul/20;971R21;JD DAMASCENO;METRO SANTANA;242;;
28/jul/20;178810;JD FONTALIS;METRO SANTANA;4090;;
28/jul/20;170921;JD JOAMAR;METRO SANTANA;59;;
28/jul/20;175910;JD PERY;METRO SANTANA;4370;;
28/jul/20;971A10;JD PRIMAVERA;METRO SANTANA;2774;;
28/jul/20;174410;LAUZANE PAULISTA;METRO SANTANA;3085;;
28/jul/20;203010;LAUZANE PAULISTA;METRO SANTANA;238;;
28/jul/20;175610;PEDRA BRANCA;METRO SANTANA;3066;;
28/jul/20;274010;PEDRA BRANCA;METRO SANTANA;1546;;
28/jul/20;271M10;PQ NOVO MUNDO;METRO SANTANA;3789;;
28/jul/20;N20611;TERM CASA VERDE;METRO SANTANA;14;;
28/jul/20;271A10;TERM PENHA;METRO SANTANA;5434;;
28/jul/20;N50711;TERM SACOMA;METRO SANTANA;34;;
28/jul/20;178210;V NOVA GALVAO;METRO SANTANA;2183;;
28/jul/20;178610;VILA ALBERTINA;METRO SANTANA;3481;;
28/jul/20;178510;VILA AURORA;METRO SANTANA;1857;;
28/jul/20;177310;VILA AYROSA;METRO SANTANA;2824;;
28/jul/20;174110;VILA DIONIZIA;METRO SANTANA;3802;;
28/jul/20;178710;VILA MARIETA;METRO SANTANA;2542;;
28/jul/20;971M10;VILA PENTEADO;METRO SANTANA;5184;;
28/jul/20;971T10;VILA SANTA MARIA;METRO SANTANA;3442;;
28/jul/20;172610;VILA ZILDA;METRO SANTANA;6445;;
28/jul/20;177110;VILA ZILDA;METRO SANTANA;2618;;
28/jul/20;474210;JD CLIMAX;METRO SAO JUDAS;2260;;
28/jul/20;627J10;JD MIRIAM;METRO SAO JUDAS;3950;;
28/jul/20;675A10;PQ.STO AMARO;METRO SAO JUDAS;3377;;
28/jul/20;473210;VILA LIVIERO;METRO SAUDE;1618;;
28/jul/20;473231;VILA LIVIERO;METRO SAUDE;4793;;
28/jul/20;118C10;JD PERY ALTO;METRO ST CECILIA;8596;;
28/jul/20;471810;JD CELESTE;METRO STA CRUZ;644;;
28/jul/20;471710;JD MARIA ESTELA;METRO STA CRUZ;489;;
28/jul/20;875C10;LAPA;METRO STA CRUZ;7460;;
28/jul/20;775V10;RIO PEQUENO;METRO STA CRUZ;1;;
28/jul/20;675K10;TERM JD ANGELA;METRO STA CRUZ;18498;;
28/jul/20;875C01;TERM LAPA;METRO STA CRUZ;3161;;
28/jul/20;313410;SHOP ARICANDUVA;METRO TAMANDUA;94;;
28/jul/20;511041;SAO MATEUS;METRO TAMANDUATEI;1742;;
28/jul/20;372U10;VILA SANTA ISABEL;METRO TATUAP;138;;
28/jul/20;276510;VILA CISPER;METRO TATUAPE;9732;-23.497099, -46.494557;-23.539582, -46.576514
28/jul/20;276710;CID PEDR J NUNES;METRO TATUAPE;776;;
28/jul/20;302910;JD DAS ROSAS;METRO TATUAPE;264;;
28/jul/20;276910;JD ROMANO;METRO TATUAPE;3766;;
28/jul/20;407J10;JD SOARES;METRO TATUAPE;12659;;
28/jul/20;376310;TERM VL CARRAO;METRO TATUAPE;60;;
28/jul/20;201010;JD BRASIL;METRO TIETE;3614;;
28/jul/20;174310;JD PERY ALTO;METRO TIETE;4855;;
28/jul/20;201210;VILA EDE;METRO TIETE;459;;
28/jul/20;177210;JD FILHOS DA TERRA;METRO TUCUR;3989;;
28/jul/20;170551;CEM PQ PINHEIROS;METRO TUCURUV;84;;
28/jul/20;202310;CACHOEIRA;METRO TUCURUVI;2981;;
28/jul/20;176710;EDU CHAVES;METRO TUCURUVI;2907;;
28/jul/20;176510;JD CABUÄU;METRO TUCURUVI;1953;;
28/jul/20;202910;JD FONTALIS;METRO TUCURUVI;2189;;
28/jul/20;170910;JD JOAMAR;METRO TUCURUVI;1699;;
28/jul/20;202341;JD LABITARY;METRO TUCURUVI;312;;
28/jul/20;170510;JD SAO JOAO ;METRO TUCURUVI;2645;;
28/jul/20;170121;JOVA RURAL;METRO TUCURUVI;1871;;
28/jul/20;170122;JOVA RURAL;METRO TUCURUVI;525;;
28/jul/20;N20111;TERM PQ D PEDRO;METRO TUCURUVI;54;;
28/jul/20;202810;VILA AYROSA;METRO TUCURUVI;1242;;
28/jul/20;172021;VILA SABRINA;METRO TUCURUVI;2241;;
28/jul/20;701A10;PQ EDU CHAVES;METRO V MADALENA;5650;;
28/jul/20;N83911;METRO BUTANTA;METRO V MARIANA;1;;
28/jul/20;470910;PQ BRISTOL;METRO V MARIANA;2092;;
28/jul/20;775N10;RIO PEQUENO;METRO V MARIANA;3;;
28/jul/20;373110;SHOP ARICANDUVA;METRO V MATILD;103;;
28/jul/20;271410;VL RUI BARBOSA;METRO V MATILDE;7;;
28/jul/20;407Y10;PQ SAVOY CITY;METRO V PRUDENTE;1821;;
28/jul/20;695T10;TERM.CAPELINHA;METRO V.MARIANA;9175;;
28/jul/20;570510;TERM SACOMA;METRO VERGUEIRO;1403;;
28/jul/20;736I21;JD INGA;METRO VILA DAS BELEZAS;295;;
28/jul/20;772510;RIO PEQUENO;METRO VILA MADALEN;610;;
28/jul/20;804741;JARAGUA;METRO VILA MADALENA;1230;;
28/jul/20;775A10;JD ADALGIZA;METRO VILA MARIANA;1364;;
28/jul/20;470810;JD CLIMAX;METRO VILA MARIANA;1799;;
28/jul/20;875H10;LAPA;METRO VILA MARIANA;3925;;
28/jul/20;277010;GUAIANAZES;METRO VILA MATILDE;1973;;
28/jul/20;N50611;TERM SACOMA;METRO VL MADALENA;7;;
28/jul/20;274P10;PENHA;METRO VL MARIANA;1516;;
28/jul/20;707A23;PIRAPORINHA;MOEMA;349;;
28/jul/20;539122;TERM JD ANGELA;MOEMA;204;;
28/jul/20;510310;TERM. SACOMA;MOEMA;4176;;
28/jul/20;172U10;CEM P PINHEIROS;MOOCA;8237;;
28/jul/20;N13611;TERM LAPA;MORRO DOCE;69;;
28/jul/20;N14311;METRO BARRA FUNDA;MORRO GRANDE;29;;
28/jul/20;N63311;MET JABAQUARA;MORUMBI SHOPING;7;;
28/jul/20;307C10;CONJ ENCOSTA NORTE;MT ARTUR AL;3810;;
28/jul/20;273X10;JD OLIVEIRAS;MT ARTUR ALVIN;8780;;
28/jul/20;470610;J MARIA ESTELA II;MT V MARIANA;1748;;
28/jul/20;273N41;ITAIM PAULISTA;MT VLA MATILDE;152;;
28/jul/20;273N10;CID KEMEL II;MTR V MATILDE;4443;;
28/jul/20;519M10;SAO MATEUS;MUSEU DO IPIRANGA;1509;;
28/jul/20;502810;CJ HAB HELIOP;MUSEU IPIRANGA;1376;;
28/jul/20;174M10;JD BRASIL;MUSEU IPIRANGA;3999;;
28/jul/20;371810;METRO A ALVIN;NOVA AMERICA;1502;;
28/jul/20;N33111;TERM A E CARVALHO;OLIVEIRINHA;35;;
28/jul/20;420810;SHOP C L ARICANDUVA;P J MENDES;130;;
28/jul/20;870021;LGO DO TABOAO;P RAMOS DE AZEVE;116;;
28/jul/20;727210;VILA POMPEIA;P.RAMOS AZEV.CIRC;1573;;
28/jul/20;728110;LAPA;P.RAMOS AZEVEDO CIRCULAR;1668;;
28/jul/20;411510;SHOP PLAZA SUL;PÄ REPUBLICA;1328;;
28/jul/20;243510;JD COIMBRA;PÄA DA SE;963;-23.529357, -46.479910;-23.550280, -46.634212
28/jul/20;208V10;TERM A E CARVALHO;PÄA DA SE;6942;;
28/jul/20;117832;ABEL TAVARES;PÄA DO CORREIO;531;;
28/jul/20;916610;JD SANTA CRUZ;PÄA DO CORREIO;358;;
28/jul/20;117831;SAO MIGUEL;PÄA DO CORREIO;6261;-23.491693, -46.434792;
28/jul/20;428610;VILA INDUSTRIAL;PÄA DO CORREIO;514;;
28/jul/20;422210;PQ STA MADALENA;PÄA J MENDES;1700;;
28/jul/20;726710;APIACAS;PÄA RAMOS AZEVEDO;1108;;
28/jul/20;411110;VILA MONUMENTO;PÄA REPUBLICA;979;;
28/jul/20;950110;TERM  CACHOEIRINHA;PAISSANDU;14042;;
28/jul/20;950010;TERM CACHOEIRINHA;PAISSANDU;5074;;
28/jul/20;930110;TERM CASA VERDE;PAISSANDU;2245;;
28/jul/20;853810;VILA IARA;PAISSANDU;490;;
28/jul/20;602010;CHAC BOSQUE DO SOL;PARELHEIROS;168;;
28/jul/20;602051;ESTRADA DO JUSA;PARELHEIROS;50;;
28/jul/20;N83211;TERM LAPA;PARQUE CONTINENTAL;48;;
28/jul/20;702U10;BUTANTA USP;PARQUE D. PEDRO II;3453;;
28/jul/20;861510;P.LAPA;PARQUE D. PEDRO II;5999;;
28/jul/20;N83111;TERM LAPA;PARQUE DA LAPA;2;;
28/jul/20;N73711;TERM JD ANGELA;PARQUE DO LAGO;37;;
28/jul/20;431021;ARTUR ALVIM;PARQUE DOM PEDRO;920;;
28/jul/20;202610;JAÄANA;PARQUE NOVO MUNDO;766;;
28/jul/20;809V10;VILA GOMES;PAULISTA;947;;
28/jul/20;115610;VILA SABRINA;PC DO CORREIO;4211;;
28/jul/20;854410;CID DABRIL 3 GLEBA;PC RAMOS AZ;1719;;
28/jul/20;754510;JD JOAO XXIII;PC RAMOS DE AZEV;24;;
28/jul/20;313910;JD VILA FORMOSA;PCA CLOVIS;649;;
28/jul/20;271C10;PQ VILA MARIA;PCA DA REPUBLICA;1783;;
28/jul/20;517510;BALNEARIO S FRANCISCO;PCA DA S;9531;;
28/jul/20;510010;EST.FEP.PINHEIROS;PCA DA SE;811;;
28/jul/20;217510;JD GUANCA;PCA DA SE;1406;;
28/jul/20;647510;JD.VAZ DE LIMA;PCA DA SE;3555;;
28/jul/20;210110;PCA SILVIO ROMERO;PCA DA SE;125;;
28/jul/20;539110;TERM JD ANGELA;PCA DA SE;8797;;
28/jul/20;741110;USP;PCA DA SE;345;;
28/jul/20;210010;TERM V CARRAO;PCA DA SE CIRC;7013;;
28/jul/20;129F41;CON PETRON PORT;PCA DO CORREIO;201;;
28/jul/20;218210;JD BRASIL;PCA DO CORREIO;5735;;
28/jul/20;854810;JD DOS CUNHAS;PCA DO CORREIO;2337;;
28/jul/20;852810;JD GUARANI;PCA DO CORREIO;5704;;
28/jul/20;821510;JD PAULISTANO;PCA DO CORREIO;2829;;
28/jul/20;216110;PQ EDU CHAVES;PCA DO CORREIO;2669;;
28/jul/20;117810;SAO MIGUEL;PCA DO CORREIO;7156;-23.492982, -46.437534;
28/jul/20;854910;TAIPAS;PCA DO CORREIO;5178;;
28/jul/20;514110;TERM. SAPOPEMBA;PCA DO CORREIO;1926;;
28/jul/20;529010;DIV DIADEMA;PCA JOAO MENDES;7568;;
28/jul/20;561110;ELDORADO;PCA JOAO MENDES;2891;;
28/jul/20;978J10;VOITH;PCA PRINC ISABEL;2281;;
28/jul/20;609F10;CHAC.SANTANA ;PCA PRINC.ISABEL;7275;;
28/jul/20;870010;T CAMPO LIMPO;PCA R D AZEVEDO;11803;;
28/jul/20;800010;TERM LAPA;PCA RAMOS;2478;;
28/jul/20;840010;TERM PIRITUBA;PCA RAMOS;9317;;
28/jul/20;859441;COHAB PEDRA VERDE;PCA RAMOS AZ;176;;
28/jul/20;831910;PQ CONTINENTAL;PCA RAMOS AZEVE;1738;;
28/jul/20;859410;CID DABRIL;PCA RAMOS AZEVEDO;6574;;
28/jul/20;859421;CID PIRITUBA;PCA RAMOS AZEVEDO;51;;
28/jul/20;868610;MANGALOT;PCA RAMOS AZEVEDO;2037;;
28/jul/20;623210;VILA IDA;PCA RAMOS AZEVEDO;571;;
28/jul/20;870024;LGO DO TABOAO;PCA RAMOS DE AZE;40;;
28/jul/20;862210;MORRO DOCE;PCA RAMOS DE AZEVED;10339;;
28/jul/20;870001;T C LIMPO;PCA RAMOS DE AZEVED;4133;;
28/jul/20;867710;JD LIBANO;PCA RAMOS DE AZEVEDO;4567;;
28/jul/20;825210;LAPA;PCA RAMOS DE AZEVEDO;295;;
28/jul/20;800001;TERM LAPA;PCA RAMOS DE AZEVEDO;2799;;
28/jul/20;411210;STA MARGARIDA MARIA;PCA REPUBL;1085;;
28/jul/20;411310;GENTIL DE MOURA;PCA REPUBLICA;6056;;
28/jul/20;513110;CIDADE ADEMAR;PCA. DA SE;1998;;
28/jul/20;514510;TERM.SAPOPEMBA;PCA.ALMEIDA JR.;2152;;
28/jul/20;117842;CJ.HAB.VILA SILVIA;PCA.CORREIO;170;;
28/jul/20;609F21;CHAC.SANTANA;PCA.ISABEL;1282;;
28/jul/20;531810;CHAC.SANTNA;PCA.SE;9255;;
28/jul/20;N23511;METRO SANTANA;PEDRA BRANCA;5;;
28/jul/20;N23111;TERM CACHOEIRINHA;PEDRA BRANCA;12;;
28/jul/20;342N10;COHAB JUSC.KUBISC;PENHA;861;;
28/jul/20;342C10;JD MARILIA;PENHA;1423;;
28/jul/20;513L10;TERM SACOMA;PENHA;2068;;
28/jul/20;875A10;AEROPORTO;PERDIZES;11;;
28/jul/20;801410;MORRO DOCE;PERUS;5104;;
28/jul/20;N13711;TERM PIRITUBA;PERUS;56;;
28/jul/20;177Y10;CASA VERDE;PINHEIROS;3301;;
28/jul/20;647P10;COHAB ADVENTISTA;PINHEIROS;8019;;
28/jul/20;809D10;COHAB EDUCANDARIO;PINHEIROS;25;;
28/jul/20;967A10;IMIRIM;PINHEIROS;3000;;
28/jul/20;809J10;JD COLOMBO;PINHEIROS;733;;
28/jul/20;809A10;JD D ABRIL;PINHEIROS;9;;
28/jul/20;517J10;JD SELMA;PINHEIROS;5156;;
28/jul/20;177H21;METRO SANTANA;PINHEIROS;3581;;
28/jul/20;704010;PARAISOPOLIS;PINHEIROS;6257;;
28/jul/20;704021;PARAISOPOLIS;PINHEIROS;66;;
28/jul/20;637A25;PIRAPORINHA;PINHEIROS;954;;
28/jul/20;701310;PQ ARARIBA;PINHEIROS;2862;;
28/jul/20;809P10;TERM CAMPO LIMPO;PINHEIROS;11990;;
28/jul/20;637A26;TERM GUARAPIRANGA;PINHEIROS;259;;
28/jul/20;709P10;TERM GUIDO;PINHEIROS;1595;;
28/jul/20;637A10;TERM JD ANGELA;PINHEIROS;15796;;
28/jul/20;930P10;TERM PQ D PEDRO II;PINHEIROS;4916;;
28/jul/20;637P10;TERM.STO.AMARO;PINHEIROS;5304;;
28/jul/20;576M10;V CLARA;PINHEIROS;4344;;
28/jul/20;647A10;VALO VELHO;PINHEIROS;5720;;
28/jul/20;637A21;VILA REMO;PINHEIROS;748;;
28/jul/20;478P10;SACOMA;POMPEIA;3144;;
28/jul/20;405610;TERM S MATEUS;PQ BOA ESPERANÄA;1558;;
28/jul/20;N83611;TERM PINHEIROS;PQ CONTINENTAL;11;;
28/jul/20;518510;TERM GUARAPIRANGA;PQ D PEDRO;6761;;
28/jul/20;259010;UNIAO DE VILA NOVA;PQ D PEDRO;7407;;
28/jul/20;258221;VILA ROBERTINA;PQ D PEDRO II;467;;
28/jul/20;245110;VL S FRANCISCO;PQ D PEDRO II;527;;
28/jul/20;N73811;TERM GUARAPIRANGA;PQ DO LAGO;27;;
28/jul/20;775F31;JD DAS PALMAS;PQ DO POVO;1424;;
28/jul/20;530010;TERM STO AMARO;PQ DOM PEDRO;10538;;
28/jul/20;372841;METR ARTUR ALVIM;PQ NOVA SAVOY;465;;
28/jul/20;N23211;METRO TUCURUVI;PQ NOVO MUNDO;6;;
28/jul/20;801010;PERUS;PQ RESIDENCIAL LAPA;7727;;
28/jul/20;N13211;TERM PIRITUBA;PQ SAO DOMINGOS;13;;
28/jul/20;372810;METRO A ALVIN;PQ SAVOY CITY;2125;;
28/jul/20;236310;JD.DANFER;PQ.D.PEDRO II;4468;-23.496266, -46.511013;-23.547433, -46.630384
28/jul/20;930010;TERM.CASA VERDE;PQ.D.PEDRO II;4545;;-23.547433, -46.630427
28/jul/20;502J10;VILA PEDREIRA;PQ.DO IBIRAPUERA;74;;
28/jul/20;189610;JARAGUA;PRAÄA RAMOS DE AZEVEDO;3217;;
28/jul/20;561410;ELDORADO;PRACA JOAO MENDES;3106;;
28/jul/20;527R10;VILA IMPERIO;REAL PARQUE;4652;;
28/jul/20;916210;JD.ALMANARA;RIO BRANCO;488;;
28/jul/20;477P10;IPIRANGA;RIO PEQUENO;6719;;
28/jul/20;512710;VILA GUACURI;RIO PEQUENO;3539;;
28/jul/20;807P10;PARAISOPOLIS;SANT0 AMARO;2888;;
28/jul/20;N84011;M VILA MARIANA;SANTA CECILIA;2;;
28/jul/20;173010;CENTER NORTE;SANTANA;1245;;
28/jul/20;971710;COHAB BRASILANDIA;SANTANA;2409;;
28/jul/20;101810;VILA ROSA;SANTANA;2960;;
28/jul/20;605010;J VALE DAS VIRTUDES;SANTO AMAR;196;;
28/jul/20;501010;CIDADE VARGAS;SANTO AMARO;4051;;
28/jul/20;501110;ELDORADO;SANTO AMARO;5769;;
28/jul/20;601210;JD ANGELA;SANTO AMARO;517;;
28/jul/20;546A10;JD APURA;SANTO AMARO;4569;;
28/jul/20;546A31;JD APURA;SANTO AMARO;5161;;
28/jul/20;681210;JD CAPELA;SANTO AMARO;940;;
28/jul/20;604310;JD CAPELINHA;SANTO AMARO;1293;;
28/jul/20;606210;JD CASTRO ALVES;SANTO AMARO;1016;;
28/jul/20;603810;JD DAS ROSAS;SANTO AMARO;1856;;
28/jul/20;603510;JD GILDA;SANTO AMARO;3005;;
28/jul/20;611810;JD ICARAI;SANTO AMARO;1910;;
28/jul/20;604110;JD JANGADEIRO;SANTO AMARO;2305;;
28/jul/20;604710;JD LIDIA;SANTO AMARO;732;;
28/jul/20;501310;JD LUSO;SANTO AMARO;9642;;
28/jul/20;603610;JD MACEDONIA;SANTO AMARO;275;;
28/jul/20;501331;JD MIRIAM;SANTO AMARO;2529;;
28/jul/20;512941;JD MIRIAM;SANTO AMARO;2793;;
28/jul/20;603710;JD MITSUTANI;SANTO AMARO;1215;;
28/jul/20;601710;JD NAKAMURA;SANTO AMARO;2958;;
28/jul/20;600810;JD PLANALTO;SANTO AMARO;1546;;
28/jul/20;604610;JD SAO BENTO NOVO;SANTO AMARO;2984;;
28/jul/20;606910;JD SAO BERNARDO;SANTO AMARO;2456;;
28/jul/20;601010;JD SAO LUIZ;SANTO AMARO;1524;;
28/jul/20;546J31;JD SELMA;SANTO AMARO;3923;;
28/jul/20;604410;JD STO EDUARDO;SANTO AMARO;1370;;
28/jul/20;604210;JD TRES ESTRELAS;SANTO AMARO;956;;
28/jul/20;602210;PQ CEREJEIRA;SANTO AMARO;866;;
28/jul/20;602810;RIVIERA;SANTO AMARO;2005;;
28/jul/20;603910;VALO VELHO;SANTO AMARO;422;;
28/jul/20;604510;VALO VELHO;SANTO AMARO;1923;;
28/jul/20;601510;VILA CALU;SANTO AMARO;4144;;
28/jul/20;502410;VILA MISSIONARIA;SANTO AMARO;4048;;
28/jul/20;502431;VILA MISSIONARIA;SANTO AMARO;3758;;
28/jul/20;303310;GUAIANAZES;SAO MATEUS;7685;;
28/jul/20;200710;CIDADE KEMEL II;SAO MIGUEL;5346;;-23.491693, -46.434792
28/jul/20;300910;ITAIM PAULISTA;SAO MIGUEL;404;;-23.491693, -46.434792
28/jul/20;201610;JD DAS OLIVEIRAS;SAO MIGUEL;2511;;-23.491693, -46.434792
28/jul/20;300210;JD MABEL;SAO MIGUEL;4786;;-23.491693, -46.434792
28/jul/20;201710;JD ROBRU;SAO MIGUEL;1916;;-23.491693, -46.434792
28/jul/20;200510;JD ROMANO;SAO MIGUEL;2792;;-23.491693, -46.434792
28/jul/20;117833;PÄA DO CORREIO;SAO MIGUEL;438;;-23.491693, -46.434792
28/jul/20;312N10;TERM CID TIRADENTES;SAO MIGUEL;9376;;-23.491693, -46.434792
28/jul/20;201810;JD CAMPOS;SAO MIGUEL CIRCULAR;1937;;
28/jul/20;N44011;TERM V CARRAO;SAVOY DALILA;9;;
28/jul/20;472510;VILA BRASILINA;SH C IBIRAPUERA;864;;
28/jul/20;302010;CONJ JOSE BONIFACIO;SHOP ARICA;1917;;
28/jul/20;302710;VILA MINERVA;SHOP ARICANDUVA;2154;;
28/jul/20;174510;VL NV CACHOEIRINHA;SHOP C NORT;2121;;
28/jul/20;176010;COHAB ANTARTICA;SHOP C NORTE;2039;;
28/jul/20;271F10;METRO BELEM;SHOP CENTER NORTE;3743;;
28/jul/20;846M10;JD MARISA;SHOP IBIRAPUERA;624;;
28/jul/20;477U10;HELIOPOLIS;SHOP IGUATEMI CIRC;894;;
28/jul/20;607810;CANTINHO DO CEU;SHOP INTERLAGO;1786;;
28/jul/20;605510;JD SAO BERNARDO;SHOP INTERLAGO;2279;;
28/jul/20;608010;JD LUCELIA;SHOP INTERLAGOS;1616;;
28/jul/20;575A10;DIV.S.CAETANO;SHOP MET.TATUAPE;391;;
28/jul/20;373M10;JD GUAIRACA;SHOP METR TATUAPE;1258;;
28/jul/20;802010;BUTANTA;SHOP MORUMBI;807;;
28/jul/20;512810;JD APURA;SHOP MORUMBI;5584;;
28/jul/20;807J10;TERM CAMPO LIMPO;SHOP MORUMBI;2508;;
28/jul/20;607M10;TERM GRAJAU;SHOP MORUMBI;1964;;
28/jul/20;220310;BURGO PAULISTA;SHOP PENHA;1498;;
28/jul/20;745M10;CAMPO LIMPO;SHOP SP MARKET;7157;;
28/jul/20;252210;VILA PROGRESSO;SHOP.ARICANDUVA;1217;-23.516094, -46.426860;-23.563890, -46.502543
28/jul/20;390310;C.A.E.CARVALHO;SHOP.PENHA;746;;
28/jul/20;607C10;JD MIRIAM;SHOPP MORUMBI;16238;;
28/jul/20;695X22;TERM.VARG.;SHOPPING INTERLAGOS;1011;;
28/jul/20;807M10;T CAMPO LIMPO;SHOPPING MORUMBI;3683;;
28/jul/20;201910;PQ PAINEIRAS;SHOPPING PENHA;1719;;
28/jul/20;607A10;JD APURA;SOCORRO;5379;;
28/jul/20;856R10;LAPA;SOCORRO;7280;;
28/jul/20;736I10;JD INGA;STO AMARO;4088;;
28/jul/20;746H10;JD JAQUELINE;STO AMARO;12517;;
28/jul/20;756A10;JD PAULO VI;STO AMARO;3541;;
28/jul/20;746V10;JD REBOUCAS;STO AMARO;1824;;
28/jul/20;546J10;JD SELMA;STO AMARO;3179;;
28/jul/20;746C10;JD TABOAO;STO AMARO;8950;;
28/jul/20;746P10;PARAISOPOLIS;STO AMARO;5774;;
28/jul/20;746R10;REAL PARQUE;STO AMARO;2313;;
28/jul/20;604910;VALO VELHO;STO AMARO;3543;;
28/jul/20;604810;JD.ANGELA;STO.AMARO;5689;;
28/jul/20;208810;CJ ENCOST NORTE;T A E CARVALHO;2056;;
28/jul/20;475M10;JD DA SAUDE;T AMARAL GURGEL;621;;
28/jul/20;706210;INOCOOP C LIMPO;T CAMPO LIMPO;385;;
28/jul/20;705322;JD MARIA SAMPAIO;T CAMPO LIMPO;164;;
28/jul/20;704910;PARQUE DO LAGO;T CAMPO LIMPO;1496;;
28/jul/20;306441;S ETELVINA II B6;T CID TIRADEN;248;;
28/jul/20;N43711;EST GUAIANAZES;T CID TIRADENTE;68;;
28/jul/20;625831;PQ FIGUEIRA G;T GUARAPIRANGA;419;;
28/jul/20;101510;CHAC MARIA TRINDADE;T JD BRITA;299;;
28/jul/20;N30111;TERM A E CARVALHO;T P D PEDRO;330;;
28/jul/20;266621;JD CAMARGO VELH;T P D PEDRO II;320;;
28/jul/20;N80111;T METRO BUTANTA;T P D PEDRO II;1;;
28/jul/20;N80111;T METRO BUTANTA;T P D PEDRO II;39;;
28/jul/20;428810;VILA INDUSTRIAL;T P D PEDRO II;1794;;
28/jul/20;509J10;J SELMA VIA JOANIZA;T P ISABEL;3626;;
28/jul/20;346241;CID A E CARVALHO;T PQ D PEDRO;199;-23.53977, -46.47411;-23.549699, -46.625929
28/jul/20;431410;INACIO MONTEIRO;T PQ D PEDRO;4255;;
28/jul/20;421010;T CID TIRADENTES;T PQ D PEDRO;8062;;
28/jul/20;431310;T CID TIRADENTES;T PQ D PEDRO;22636;;
28/jul/20;255241;JD S MARTINHO;T PQ D PEDRO II;779;;
28/jul/20;N60411;MET JABAQUARA;T PQ D PEDRO II;81;;
28/jul/20;N30211;T A E CARVALHO;T PQ D PEDRO II;139;;
28/jul/20;229021;T S?O MATEUS;T PQ D PEDRO II;645;;
28/jul/20;431510;T VILA CARRAO;T PQ D PEDRO II;4418;;
28/jul/20;431110;TER SAO MATEUS;T PQ D PEDRO II;6192;;
28/jul/20;N80211;TERM PINHEIROS;T PQ D PEDRO II;35;;
28/jul/20;N50111;TERM S MATEUS;T PQ D PEDRO II;142;;
28/jul/20;N70111;TERM STO AMARO;T PQ D PEDRO II;143;;
28/jul/20;N70211;TERM STO AMARO;T PQ D PEDRO II;145;;
28/jul/20;N40111;TERM VL CARRAO;T PQ D PEDRO II;53;;
28/jul/20;428410;V CALIFORNIA;T PQ D PEDRO II;536;;
28/jul/20;346210;VILA SANTANA;T PQ D PEDRO II;2104;;
28/jul/20;252310;VILA PROGRESSO;T PRINC ISABEL;851;;
28/jul/20;N40611;TERM CID TIRADENTES;T S MATEUS;98;;
28/jul/20;401210;JD DA CONQUISTA;T SAO MAETEUS;3950;;
28/jul/20;401010;JD NSA SRA DO CARMO;T V CARRAO;705;;
28/jul/20;900542;SITIO D FRANCOS;T V N CACHOEIR;75;;
28/jul/20;607510;JD REC CAMPO BELO;T VARGINHA;611;;
28/jul/20;574J10;METRO CONCEICAO;T VILA CARRAO;10990;;
28/jul/20;900541;JD.VISTA ALEGRE;T.CACHOEIRINHA;403;;
28/jul/20;681810;JD VALE DAS VIRTUDES;T.CAPELIN;2586;;-23.654266, -46.762191
28/jul/20;514310;TERM.SAPOPEMBA;T.D.PEDRO II;1595;;
28/jul/20;680610;JD NOVO HORIZONTE;T.JOAO DIAS;2357;;-23.643669, -46.733927
28/jul/20;345924;ITAIM PAULISTA;T.PQ D.PEDROII;935;;
28/jul/20;514210;TERM.SAPOPEMBA;T.PQ.D.PEDRO II;5712;;
28/jul/20;718110;CID.UNIVERSITARIA;T.PR.ISABEL;398;;
28/jul/20;514410;TERM.SAPOPEMBA;T.PRINC.ISABEL;3654;;
28/jul/20;253F10;TERM.A.E.CARVALHO;T.SAO MATEUS;2113;;
28/jul/20;N13411;TERM CACHOEIRINHA;TAIPAS;28;;
28/jul/20;172J10;JD BRASIL;TATUAPE;8791;;
28/jul/20;374510;JD IMPERADOR;TATUAPE;1;;
28/jul/20;172K10;JD TREMEMBE;TATUAPE;6484;;
28/jul/20;172X10;PQ NOVO MUNDO;TATUAPE;9917;;
28/jul/20;N53211;T SAPOPEMBA;TEOTONIO H S MATEU;22;;
28/jul/20;N53111;T SAPOPEMBA;TEOTONIO T SACOMA;50;;
28/jul/20;266610;JD CAMARGO VELHO;TER P D PEDRO;7325;;
28/jul/20;258210;VILA NOVA CURUÄA;TER P D PEDRO;8687;;
28/jul/20;411410;VILA GUMERCINDO;TER PQ D PEDRO;491;;
28/jul/20;778R10;COH RAP TAVARES;TER PRINC ISAB;26;;
28/jul/20;701621;VILA SANTA LUCIA;TER STO AMARO;530;;
28/jul/20;606342;CHACARA STO AMARO;TER VARGINHA;680;;
28/jul/20;401410;JD VILA CARRAO;TER VILA CARRAO;1964;;
28/jul/20;302410;VLA INDUSTRIAL;TER VL PRUDENTE;1104;;
28/jul/20;203110;JD CAMARGO NOVO;TERM A E CARVA;3214;;
28/jul/20;301010;CEM DA SAUDADE;TERM A E CARVAL;520;;
28/jul/20;305110;ERM MATARAZZO;TERM A E CARVALH;934;;
28/jul/20;208010;CID KEMEL;TERM ARICANDUVA;6343;;
28/jul/20;267841;J CAMARGO NOVO;TERM ARICANDUVA;609;;
28/jul/20;207910;JD NELIA;TERM ARICANDUVA;2116;;
28/jul/20;N30311;T A E CARVALHO;TERM ARICANDUVA;11;;
28/jul/20;N30411;TER SAO MIGUEL;TERM ARICANDUVA;53;-23.491693, -46.434792;
28/jul/20;650510;TERM GUARAPIRANGA;TERM BANDEIR;12679;;
28/jul/20;200210;TERM P D PEDRO II;TERM BANDEIR;1942;;
28/jul/20;625010;JD JAQUELINE;TERM BANDEIRA;2;;
28/jul/20;861010;JD PAULO VI;TERM BANDEIRA;3;;
28/jul/20;641810;REAL PARQUE;TERM BANDEIRA;404;;
28/jul/20;629110;SHOP MORUMBI;TERM BANDEIRA;5377;;
28/jul/20;641410;SOCORRO;TERM BANDEIRA;2275;;
28/jul/20;860510;TERM CAMPO LIMPO;TERM BANDEIRA;6075;;
28/jul/20;620010;TERM STO AMARO;TERM BANDEIRA;13542;;
28/jul/20;642210;V CRUZEIRO;TERM BANDEIRA;1149;;
28/jul/20;903221;JD DAMASCENO;TERM CACHOEIRINHA;8;;
28/jul/20;706231;CAMPO LIMPO;TERM CAMPO LIMPO;354;;
28/jul/20;705010;JD DAS ROSAS;TERM CAMPO LIMPO;1978;;
28/jul/20;705510;JD GUARUJA;TERM CAMPO LIMPO;7244;;
28/jul/20;705210;JD HELGA;TERM CAMPO LIMPO;117;;
28/jul/20;705310;JD MACEDONIA;TERM CAMPO LIMPO;412;;
28/jul/20;705410;JD MACEDONIA;TERM CAMPO LIMPO;89;;
28/jul/20;706310;JD MACEDONIA;TERM CAMPO LIMPO;814;;
28/jul/20;705710;JD MITSUTANI;TERM CAMPO LIMPO;434;;
28/jul/20;705110;JD ROSANA;TERM CAMPO LIMPO;865;;
28/jul/20;705910;PQ DO ENGENHO;TERM CAMPO LIMPO;1665;;
28/jul/20;N74511;TER CAPELINHA;TERM CAMPO LIMPO;90;;
28/jul/20;706010;VALO VELHO;TERM CAMPO LIMPO;2094;;
28/jul/20;681631;JARDIM MITSUTANI;TERM CAPELINH;1485;;
28/jul/20;681510;JD COMERCIAL;TERM CAPELINHA;1826;;-23.654266, -46.762191
28/jul/20;682010;JD DAS ROSAS;TERM CAPELINHA;3334;;-23.654266, -46.762191
28/jul/20;682110;JD JANGADEIRO;TERM CAPELINHA;2623;;-23.654266, -46.762191
28/jul/20;681310;JD LIDIA;TERM CAPELINHA;877;;-23.654266, -46.762191
28/jul/20;682210;JD MACEDONIA;TERM CAPELINHA;4870;;-23.654266, -46.762191
28/jul/20;681610;JD MITSUTANI;TERM CAPELINHA;1376;;-23.654266, -46.762191
28/jul/20;681710;JD SAO BENTO;TERM CAPELINHA;1784;;-23.654266, -46.762191
28/jul/20;682610;JD STO EDUARDO;TERM CAPELINHA;1901;;-23.654266, -46.762191
28/jul/20;682410;PQ FERNANDA;TERM CAPELINHA;2653;;-23.654266, -46.762191
28/jul/20;682510;VALO VELHO;TERM CAPELINHA;2756;;-23.654266, -46.762191
28/jul/20;683710;JD DAS PALMAS;TERM CAPELINHA;4536;;
28/jul/20;684010;JD JACIRA;TERM CAPELINHA;11455;;
28/jul/20;374910;GUAIANAZES;TERM CARRAO;2399;-23.576616, -46.409774;-23.558399, -46.522759
28/jul/20;351F10;JACANA;TERM CARRAO;3697;;
28/jul/20;909010;PQ TIETE;TERM CASA VERDE;1559;;
28/jul/20;N14211;TERM PIRITUBA;TERM CASA VERDE;10;;
28/jul/20;408610;CID TIRADENTES;TERM CID TIRADE;1409;;
28/jul/20;409210;SETOR IIB;TERM CID TIRADENTES;505;;
28/jul/20;935410;N SRA FATIMA;TERM CORREIO;3199;;
28/jul/20;510710;TERM SACOMA;TERM CORREIO;4061;;
28/jul/20;510519;TERM MERCADO;TERM DIANOPOLIS;297;;
28/jul/20;611510;CANTINHO DO CEU;TERM GRAJAU;2548;;
28/jul/20;609210;JD DAS PEDRAS;TERM GRAJAU;2549;;
28/jul/20;605310;JD ELLUS;TERM GRAJAU;1332;;
28/jul/20;612010;JD LUCELIA;TERM GRAJAU;2792;;
28/jul/20;606110;JD MARILDA;TERM GRAJAU;3095;;
28/jul/20;601610;JD NORONHA;TERM GRAJAU;4193;;
28/jul/20;601641;JD PORTO VELHO;TERM GRAJAU;4724;;
28/jul/20;611610;JD PRAINHA;TERM GRAJAU;1010;;
28/jul/20;605610;PQ SANTA CECILIA;TERM GRAJAU;3064;;
28/jul/20;605710;VILA NATAL;TERM GRAJAU;4795;;
28/jul/20;701710;JD GUARUJA;TERM GUARAPIRANGA;1486;;
28/jul/20;701210;PQ DO LAGO;TERM GUARAPIRANGA;913;;
28/jul/20;603521;V GILDA;TERM GUARAPIRANGA;1042;;
28/jul/20;700410;JD JACIRA;TERM GUIDO;8984;;
28/jul/20;700110;VILA GILDA;TERM JD ANGELA;7413;;
28/jul/20;101210;JD MONTE BELO;TERM JD BRITANIA;3247;;
28/jul/20;801341;JD PAINEIRAS;TERM JD BRITANIA;1223;;
28/jul/20;683610;CAPAO REDONDO;TERM JOAO DIAS;3857;;-23.643669, -46.733927
28/jul/20;680310;JD.CAPELINHA;TERM JOAO DIAS;2729;;-23.643669, -46.733927
28/jul/20;680110;JD.IBIRAPUERA;TERM JOAO DIAS;3074;;-23.643669, -46.733927
28/jul/20;680410;JD.INGA;TERM JOAO DIAS;2885;;-23.643669, -46.733927
28/jul/20;680510;TERM CAPELINHA;TERM JOAO DIAS;3392;;-23.643669, -46.733927
28/jul/20;680151;JD IBIRAPUERA;TERM JOAO DIAS;994;;
28/jul/20;702110;JD MARACA;TERM JOAO DIAS;2297;;
28/jul/20;604121;MONTE AZUL;TERM JOAO DIAS;465;;
28/jul/20;680531;TERM CAPELINHA;TERM JOAO DIAS;2487;;
28/jul/20;800210;DOMITILA;TERM LAPA;2039;;
28/jul/20;901210;ITABERABA;TERM LAPA;759;;
28/jul/20;800410;SANTA MONICA;TERM LAPA;3132;;
28/jul/20;N10511;TERM CACHOEIRINHA;TERM LAPA;50;;
28/jul/20;830001;TERM PIRITUBA;TERM LAPA;539;;
28/jul/20;830010;TERM PIRITUBA;TERM LAPA;2092;;
28/jul/20;N10311;TERM PIRITUBA;TERM LAPA;20;;
28/jul/20;N10411;TERM PIRITUBA;TERM LAPA;61;;
28/jul/20;810010;TERMPIRITUBA;TERM LAPA;4616;;
28/jul/20;800310;V REMEDIOS;TERM LAPA;2054;;
28/jul/20;800110;VILA PIAUI;TERM LAPA;1213;;
28/jul/20;511023;JD PLANALTO;TERM MERCADO;593;;
28/jul/20;511010;TERM SAO MATEUS;TERM MERCADO;9059;;
28/jul/20;353910;CIDADE TIRADENTES;TERM P D PED;7866;;
28/jul/20;345921;CEM DA SAUDADE;TERM P D PEDRO;1465;;
28/jul/20;345910;ITAIM PAULISTA;TERM P D PEDRO;15175;;
28/jul/20;422110;JD PLANALTO;TERM P D PEDRO;2007;;
28/jul/20;475R10;JD SAO SAVERIO;TERM P D PEDRO;7775;;
28/jul/20;267810;OLIVEIRINHA;TERM P D PEDRO;8524;;
28/jul/20;339010;TERM S MATEUS;TERM P D PEDRO;6999;;
28/jul/20;314110;TERM SAO MATEUS;TERM P D PEDRO;5471;;
28/jul/20;258310;VILA CURUCA;TERM P D PEDRO;1359;;
28/jul/20;341410;VILA DALILA;TERM P D PEDRO;2176;;
28/jul/20;449110;ZOOLOGICO;TERM P D PEDRO;2934;;
28/jul/20;316110;JD COLORADO;TERM P D PEDRO II;217;;
28/jul/20;978L10;TERM CACHOEIRNHA;TERM P ISABEL;1828;;
28/jul/20;170310;CAMPO LIMPO;TERM PARADA INGLES;2284;;
28/jul/20;178010;JD HEBRON;TERM PARADA INGLESA;2324;;
28/jul/20;6L0441;JD FONTES;TERM PARELH;259;;
28/jul/20;6L0442;JD ORIENTAL;TERM PARELH;314;;
28/jul/20;6L0510;BARRAGEM;TERM PARELHEIROS;2488;;
28/jul/20;6L0210;EUCALIPTOS;TERM PARELHEIROS;207;;
28/jul/20;6L0410;JD ORIENTAL;TERM PARELHEIROS;1485;;
28/jul/20;6L0810;PAPAI NOEL;TERM PARELHEIROS;406;;
28/jul/20;609121;VARGEM GRANDE;TERM PARELHEIROS;118;;
28/jul/20;403A10;EST JOSE BONIFACIO;TERM PENHA;3878;;
28/jul/20;207610;JD DAS OLIVEIRAS;TERM PENHA;4531;;
28/jul/20;342M10;TERM SAO MATEUS;TERM PENHA;10357;;
28/jul/20;N40411;TERM SAO MATEUS;TERM PENHA;98;;
28/jul/20;N30711;TERMP Q D PEDRO II;TERM PINHEI;56;;
28/jul/20;N20511;TERM CACHOEIRINHA;TERM PINHEIR;57;;
28/jul/20;N70611;TERM CAMPO LIMPO;TERM PINHEIRO;125;;
28/jul/20;709M10;TERMIN STO AMARO;TERM PINHEIRO;2853;;
28/jul/20;209P01;CACHOEIRINHA;TERM PINHEIROS;3403;;
28/jul/20;209P10;CACHOEIRINHA;TERM PINHEIROS;10601;;
28/jul/20;N20211;MET SANTANA;TERM PINHEIROS;33;;
28/jul/20;208M10;METRO SANTANA;TERM PINHEIROS;5135;;
28/jul/20;N74211;TERM JOAO DIAS;TERM PINHEIROS;46;;
28/jul/20;N50511;TERM SACOMA;TERM PINHEIROS;25;;
28/jul/20;N70511;TERM STO AMARO;TERM PINHEIROS;73;;
28/jul/20;918842;CAPELA DA LAGOA;TERM PIRITUBA;64;;
28/jul/20;102110;COHAB BRASILANDI;TERM PIRITUBA;1194;;
28/jul/20;801710;CPTM VILA AURORA;TERM PIRITUBA;2546;;
28/jul/20;800610;JD DONARIA;TERM PIRITUBA;2767;;
28/jul/20;901910;JD PAULISTA;TERM PIRITUBA;3652;;
28/jul/20;902310;PQUE DE TAIPAS;TERM PIRITUBA;4679;;
28/jul/20;800710;VILA CLARICE;TERM PIRITUBA;2107;;
28/jul/20;901810;VILA MIRANTE;TERM PIRITUBA;656;;
28/jul/20;902010;VILA MIRANTE;TERM PIRITUBA;1426;;
28/jul/20;901510;VILA ZATT;TERM PIRITUBA;1503;;
28/jul/20;948A10;VL ZATTI;TERM PIRITUBA;2040;;
28/jul/20;N20711;TERM CASA VERDE;TERM PQ D PEDR;27;;
28/jul/20;330110;TERM SAO MIGUEL;TERM PQ D PEDR;4724;-23.491693, -46.434792;
28/jul/20;431010;E.T.ITAQUERA;TERM PQ D PEDRO;32785;;
28/jul/20;N20311;MET TUCURUVI;TERM PQ D PEDRO;102;;
28/jul/20;N30811;METRO ITAQUERA;TERM PQ D PEDRO;216;;
28/jul/20;210410;METRO SANTANA;TERM PQ D PEDRO;4834;;
28/jul/20;N20411;METRO TUCURUVI;TERM PQ D PEDRO;118;;
28/jul/20;N50311;TER SAO MATEUS;TERM PQ D PEDRO;102;;
28/jul/20;909T01;TERM PINHEIROS;TERM PQ D PEDRO;925;;
28/jul/20;510810;JD CELESTE;TERM PQ D PEDRO II;11031;;
28/jul/20;431210;JD MARILIA;TERM PQ D PEDRO II;5637;;
28/jul/20;N60111;TERM GRAJAU;TERM PQ D PEDRO II;152;;
28/jul/20;N10111;TERM LAPA;TERM PQ D PEDRO II;60;;
28/jul/20;N10211;TERM LAPA;TERM PQ D PEDRO II;51;;
28/jul/20;3,90E+12;TERM PENHA;TERM PQ D PEDRO II;2758;;
28/jul/20;N50211;TERM SACOMA;TERM PQ D PEDRO II;40;;
28/jul/20;N50411;TERM SACOMA;TERM PQ D PEDRO II;44;;
28/jul/20;N50811;TERM SACOMA;TERM PQ D PEDRO II;11;;
28/jul/20;669A10;TERM STO AMARO;TERM PRI ISABEL;6059;;-23.534336, -46.644701
28/jul/20;848L10;RECANTO DOS HUMILDES;TERM PRIN;3413;;
28/jul/20;938C10;COHAB TAIPAS;TERM PRINC ISABEL;1817;;
28/jul/20;641210;PARAISOPOLIS;TERM PRINC ISABEL;1878;;
28/jul/20;870710;RIO PEQUENO;TERM PRINC ISABEL;12;;
28/jul/20;119C10;VILA SABRINA;TERM PRINC ISABEL;3101;;
28/jul/20;N73211;T JD ANGELA;TERM ROD JA JACIRA;70;;
28/jul/20;203310;JD GUANCA;TERM ROD TIETE;1327;;
28/jul/20;502110;AGUA FUNDA;TERM SACOMA;1940;;
28/jul/20;503610;JD CELESTE;TERM SACOMA;1299;;
28/jul/20;503010;JD MARIA ESTELA;TERM SACOMA;1387;;
28/jul/20;502910;JD PATENTE;TERM SACOMA;3255;;
28/jul/20;503810;PQ. BRISTOL;TERM SACOMA;5788;;
28/jul/20;503310;VILA BRASILINA;TERM SACOMA;835;;
28/jul/20;503410;VILA LIVIERO;TERM SACOMA;3305;;
28/jul/20;N20911;TERM CACHOEIRINHA;TERM SANTANA;54;;
28/jul/20;600010;TERM PARELHEIROS;TERM SANTO AM;18939;;
28/jul/20;702210;JD CAIÄARA;TERM SANTO AMARO;3173;;
28/jul/20;702310;JD NAKAMURA;TERM SANTO AMARO;5737;;
28/jul/20;607110;JD ORION;TERM SANTO AMARO;1200;;
28/jul/20;807A10;T CAMPO LIMPO;TERM SANTO AMARO;7555;;
28/jul/20;N60211;TERM GRAJAU;TERM SANTO AMARO;74;;
28/jul/20;354M10;TERM SAO MIGUEL;TERM SAO MATEU;8300;-23.491693, -46.434792;
28/jul/20;306310;GUAIANAZES;TERM SAO MATEUS;4777;;
28/jul/20;306341;GUAIANAZES;TERM SAO MATEUS;757;;
28/jul/20;401110;JD LIMOEIRO;TERM SAO MATEUS;5353;;
28/jul/20;401310;JD SANTO ANDRE;TERM SAO MATEUS;3777;;
28/jul/20;401810;METALURGICOS;TERM SAO MATEUS;8411;;
28/jul/20;603010;FACULDADE OSEC;TERM STO AMARO;5844;;
28/jul/20;6L1110;ILHA DO BORORE;TERM STO AMARO;960;;
28/jul/20;476A10;IPIRANGA;TERM STO AMARO;2874;;
28/jul/20;606251;JD CASTRO ALVES;TERM STO AMARO;957;;
28/jul/20;601410;JD JACIRA;TERM STO AMARO;5879;;
28/jul/20;601310;JD NAKAMURA;TERM STO AMARO;6331;;
28/jul/20;607610;JD PROGRESSO;TERM STO AMARO;2095;;
28/jul/20;607641;JD SATELITE II;TERM STO AMARO;162;;
28/jul/20;N70411;TERM CAPELINHA;TERM STO AMARO;126;;
28/jul/20;N73111;TERM CAPELINHA;TERM STO AMARO;7;;
28/jul/20;697010;TERM GRAJAU;TERM STO AMARO;6609;;
28/jul/20;N63111;TERM GRAJAU;TERM STO AMARO;25;;
28/jul/20;N63211;TERM GRAJAU;TERM STO AMARO;29;;
28/jul/20;N70311;TERM JD ANGELA;TERM STO AMARO;156;;
28/jul/20;696010;TERM VARGINHA;TERM STO AMARO;8328;;
28/jul/20;609110;VARGEM GRANDE;TERM STO AMARO;11482;;
28/jul/20;546T10;VILA GUACURI;TERM STO AMARO;11292;;
28/jul/20;400710;COHAB JUSCELINO;TERM V CARRAO;4385;;
28/jul/20;900910;COHAB BRASILANDIA;TERM V N CAC;5135;;
28/jul/20;900841;ESTANCIA JARAGUA;TERM V N CACH;96;;
28/jul/20;900410;JD ELISA MARIA;TERM V N CACHOE;2551;;
28/jul/20;900610;VILA PENTEADO;TERM V N CACHOEI;2185;;
28/jul/20;901110;CITY JARAGUA;TERM V N CACHOEIR;2125;;
28/jul/20;900210;JD PERY ALTO;TERM V N CACHOEIR;3027;;
28/jul/20;900510;JD PRINCESA;TERM V N CACHOEIR;6417;;
28/jul/20;900810;PQ TAIPAS;TERM V N CACHOEIR;2886;;
28/jul/20;607310;JD SANTA TEREZINHA;TERM VARGIN;1773;;
28/jul/20;608410;JD CHACARA DO SOL;TERM VARGINH;2506;;
28/jul/20;696021;ETVITOR MANZINI;TERM VARGINHA;483;;
28/jul/20;605210;J SETE SETEMBRO;TERM VARGINHA;1407;;
28/jul/20;605231;JD ALMEIDA PRADO;TERM VARGINHA;620;;
28/jul/20;607221;JD IPORA;TERM VARGINHA;153;;
28/jul/20;605110;JD ITAJAI;TERM VARGINHA;354;;
28/jul/20;605810;JD NORONHA;TERM VARGINHA;1328;;
28/jul/20;6L0710;JD SANTA FE;TERM VARGINHA;1126;;
28/jul/20;606310;JD VARGINHA;TERM VARGINHA;5949;;
28/jul/20;606341;JD VARGINHA;TERM VARGINHA;2744;;
28/jul/20;6L0110;MARSILAC;TERM VARGINHA;3339;;
28/jul/20;6L1041;MESSIANICA;TERM VARGINHA;644;;
28/jul/20;6L1010;PQ FLORESTAL;TERM VARGINHA;859;;
28/jul/20;691310;TERM BANDEIRA;TERM VARGINHA;17701;;
28/jul/20;600310;TERM GRAJAU;TERM VARGINHA;8546;;
28/jul/20;609310;VARGEM GRANDE;TERM VARGINHA;5943;;
28/jul/20;6L0122;VILA PROGRESSO;TERM VARGINHA;220;;
28/jul/20;400210;GUAIANAZES;TERM VILA CARRAO;4383;;
28/jul/20;400110;ITAQUERA;TERM VILA CARRAO;2050;;
28/jul/20;400810;JD CIBELE;TERM VILA CARRAO;2343;;
28/jul/20;210141;PCA SILVIO ROMERO;TERM VILA PR;84;;
28/jul/20;302110;PQ BANCARIO;TERM VILA PRUDENTE;756;;
28/jul/20;N40211;METRO ITAQUERA;TERM VL CARRAO;48;;
28/jul/20;635810;JD. LUSO;TERM. BANDEIRA;6460;;
28/jul/20;682310;JD. GUARUJA;TERM. CAPELINHA;1133;;-23.654266, -46.762191
28/jul/20;682031;JD.ROSAS;TERM. CAPELINHA;4198;;
28/jul/20;633810;JD. MIRIAM;TERM. PRINC. ISABEL;2334;;
28/jul/20;509M10;JD. MIRIAM;TERM. PRINC. ISABEL;4890;;
28/jul/20;4,25E+12;JD. ESTER;TERM. SAPOPEMBA;436;;
28/jul/20;607210;JD SAO NICOLAU;TERM. VARGINHA;6085;;
28/jul/20;626210;CEASA;TERM.BANDEIRA;3045;;
28/jul/20;645010;TERM.CAPELINHA;TERM.BANDEIRA;15953;;
28/jul/20;640010;TERM.JOAO DIAS;TERM.BANDEIRA;1748;;
28/jul/20;650010;TERM.STO.AMARO;TERM.BANDEIRA;7135;;
28/jul/20;683531;VALO VELHO;TERM.CAPELINHA;2570;;
28/jul/20;255110;TERM.A.E.CARVALHO;TERM.D.PEDRO;3515;;
28/jul/20;368610;JD.SAOPAULO;TERM.D.PEDRO II;4365;;
28/jul/20;511110;TERM.STO.AMARO;TERM.D.PEDRO II;11525;;
28/jul/20;255210;VILA MARA;TERM.D.PEDRO II;10220;;
28/jul/20;600110;TERM.CAPELINHA;TERM.JOAO DIAS;2513;;
28/jul/20;510510;TERM. SACOMA;TERM.MERCADO;7159;;
28/jul/20;695Y21;AUTODROMO;TERM.PARELHEIROS;455;;
28/jul/20;229010;TERM S MATEUS;TERM.PD PEDRO II;13069;;
28/jul/20;801510;CEM.PERUS;TERM.PIRITUBA;4522;;
28/jul/20;801610;JD.RINCAO;TERM.PIRITUBA;3701;;
28/jul/20;352A10;JD.HELENA;TERM.SAO MATEUS;5605;;
28/jul/20;300110;ITAIM PTA;TERM.SAO MIGUEL;2358;;-23.491693, -46.434792
28/jul/20;576C10;METRO JABAQUARA;TERM.STO AMARO;3;;
28/jul/20;605131;JD.ITAJAI;TERM.VARGINHA;151;;
28/jul/20;901442;BNH PORTUGUESA;TERMINAL LAPA;79;;
28/jul/20;854221;BRASILANDIA;TERMINAL LAPA;2919;;
28/jul/20;901410;MORRO GRANDE;TERMINAL LAPA;3423;;
28/jul/20;119L10;VILA SULINA;TERMINAL LAPA;356;;
28/jul/20;511021;SAO MATEUS;TERMINAL MERCADO;1001;;
28/jul/20;802910;SHOP PORTAL;TERMINAL MORIMBI;1633;;
28/jul/20;N83411;TERM LAPA;TERMINAL PINHEIROS;18;;
28/jul/20;199D10;VILA LORIO;TERMINAL PINHEIROS;6920;;
28/jul/20;101910;SOL NASCENTE;TERMINAL PIRITUBA;1466;;
28/jul/20;546L10;JD. LUSO;TERMINAL STO AMARO;4380;;
28/jul/20;800910;CID DABRIL III;TERMPIRITUBA;492;;
28/jul/20;800931;CID DABRIL III;TERMPIRITUBA;1635;;
28/jul/20;800810;STA MONICA;TERMPIRITUBA;2865;;
28/jul/20;820010;TERM PIRITUBA;TERMPIRITUBA;1100;;
28/jul/20;170210;JOVA RURAL;TIETE;5879;;
28/jul/20;9921PR;TERM CAMPO LIMPO;TRANSPPASS;1847;;
28/jul/20;978551;JD CAROMBE;TTVN CACHOEIRINHA;44;;
28/jul/20;172210;JD MARINA;TUCURUVI;11050;;
28/jul/20;N63811;TERM GRAJAU;UNISA;22;;
28/jul/20;N73411;TERM CAPELINHA;VALO VELHO;34;;
28/jul/20;N74111;TERM CAPELINHA;VALO VELHO;45;;
28/jul/20;N63911;TERM GRAJAU;VARGEM GRANDE;138;;
28/jul/20;573A10;METRO BRESSER;VILA ALPINA;1193;;
28/jul/20;402110;METRO ITAQUERA;VILA CHUCA;1489;;
28/jul/20;N34111;TERM SAO MIGUEL;VILA CISPER;11;-23.491693, -46.434792;
28/jul/20;372510;METRO V MATILDE;VILA DALILA;8;;
28/jul/20;N73311;TERM JD ANGELA;VILA GILDA;102;;
28/jul/20;677Y10;JD GUARUJA;VILA GUARANI;2797;;
28/jul/20;101710;PERUS;VILA IORIO;7294;;
28/jul/20;502J21;ESTACAO AUTODROMO;VILA JOANIZA;17;;
28/jul/20;503431;TERM SACOMA;VILA LIVIERO;3674;;
28/jul/20;407M10;VILA MONUMENTO;VILA MADALENA;746;;
28/jul/20;N14011;TERM PIRITUBA;VILA MIRANTE;22;;
28/jul/20;472410;METRO PATRIARCA;VILA NHOCUNE;1;;
28/jul/20;N23911;METR TUCURUVI;VILA NOVA GALVAO;18;;
28/jul/20;301910;TERM CIDADE TIRADENTES;VILA PA;777;;
28/jul/20;N13111;TERM LAPA;VILA PIAUI;11;;
28/jul/20;N53711;METRO VL MARIANA;VILA PRUDENTE;1;;
28/jul/20;511024;SAO MATEUS;VILA PRUDENTE;592;;
28/jul/20;N23311;METRO SANTANA;VILA SABRINA;35;;
28/jul/20;405510;CPTM GUAIANAZES;VILA SOLANGE;1947;;
28/jul/20;9932PR;TERM CIDADE TIRADENTES;VIP;3596;;
28/jul/20;9919PR;TERM J ANGELA;VIP GUARAPIRANGA;8445;;
28/jul/20;372541;METRO VL MATILDE;VL ARICANDUVA;3;;
28/jul/20;N44111;TERM CID TIRANDESTES;VL YOLAND;87;;
28/jul/20;577T10;JD. MIRIAM;VL. GOMES;3690;;
28/jul/20;917H10;MERCADO PIRITUBA;VLA MARIANA;12462;;
28/jul/20;537021;DETRAN;;1127;;
28/jul/20;691321;ITAIM BIBI;;3156;;
28/jul/20;801322;LAPA;;208;;
28/jul/20;270321;METRO ITAQUERA;;210;;
28/jul/20;401910;METRO ITAQUERA;;661;;
28/jul/20;PMETRO;PAESE METRO;;1043;;
28/jul/20;TREI10;TREINAMENTO;;31;;
28/jul/20;TREI10;TREINAMENTO;;156;;
